2024-05-23 21:18:25:,67556.6868
2024-05-23 21:30:45:,67480.2173
2024-05-23 21:42:45:,67605.4945
2024-05-23 21:54:48:,68041.0482
2024-05-23 22:16:13:,67763.5536
2024-05-23 22:30:16:,67648.9794
2024-05-23 22:42:30:,67663.6876
2024-05-23 22:54:52:,67686.9827
2024-05-23 23:17:35:,67602.6836
2024-05-23 23:29:41:,67692.2384
2024-05-23 23:41:47:,67777.4733
2024-05-23 23:53:44:,67921.3493
2024-05-24 01:06:10:,67698.8469
2024-05-24 02:04:24:,67764.2902
2024-05-24 02:33:58:,67668.5922
2024-05-24 02:46:21:,67730.1762
2024-05-24 02:58:15:,67952.4928
2024-05-24 03:22:14:,67877.4243
2024-05-24 03:34:43:,67885.7558
2024-05-24 03:47:11:,67980.5581
2024-05-24 03:59:07:,67880.696
2024-05-24 04:25:17:,67776.2419
2024-05-24 04:40:33:,67664.2172
2024-05-24 04:52:40:,67709.6579
2024-05-24 05:13:08:,67614.8799
2024-05-24 05:29:15:,67381.0132
2024-05-24 05:41:40:,67152.3039
2024-05-24 05:53:41:,67263.7704
2024-05-24 06:20:48:,67565.7063
2024-05-24 06:37:00:,67255.8095
2024-05-24 06:49:17:,67057.9758
2024-05-24 07:07:22:,66880.7861
2024-05-24 07:21:30:,67166.9938
2024-05-24 07:35:07:,67221.9673
2024-05-24 07:47:18:,67008.5377
2024-05-24 07:59:28:,67153.7849
2024-05-24 08:25:14:,66834.6101
2024-05-24 08:38:36:,66957.7173
2024-05-24 08:50:56:,67212.1707
2024-05-24 09:11:23:,67182.7829
2024-05-24 09:26:37:,67085.4006
2024-05-24 09:38:56:,67275.7072
2024-05-24 09:51:03:,67336.1597
2024-05-24 10:11:07:,67429.645
2024-05-24 10:31:20:,67402.2338
2024-05-24 10:43:42:,67491.9017
2024-05-24 10:55:45:,67374.9224
2024-05-24 11:17:38:,67402.5364
2024-05-24 11:29:51:,67359.506
2024-05-24 11:42:11:,67346.9072
2024-05-24 11:54:32:,67336.7343
2024-05-24 12:30:56:,67461.8864
2024-05-24 12:53:53:,67502.3535
2024-05-24 13:16:52:,67322.5256
2024-05-24 13:29:04:,67381.7241
2024-05-24 13:41:24:,67335.2888
2024-05-24 13:53:50:,67090.0131
2024-05-24 14:14:15:,67240.1445
2024-05-24 14:29:44:,67912.7687
2024-05-24 14:41:43:,67922.0576
2024-05-24 14:54:03:,67985.6091
2024-05-24 15:17:04:,68328.8362
2024-05-24 15:29:08:,68247.8281
2024-05-24 15:41:20:,68186.3489
2024-05-24 15:53:30:,68248.2267
2024-05-24 16:16:45:,68203.6098
2024-05-24 16:33:04:,68222.472
2024-05-24 16:44:57:,68297.6381
2024-05-24 16:57:20:,68375.7918
2024-05-24 17:20:06:,68675.2713
2024-05-24 17:33:14:,68711.1365
2024-05-24 17:45:24:,68741.2704
2024-05-24 17:57:32:,68887.0714
2024-05-24 18:26:12:,69087.9193
2024-05-24 18:39:36:,69014.4446
2024-05-24 18:51:55:,68995.0393
2024-05-24 19:09:37:,68838.7896
2024-05-24 19:21:49:,69039.4802
2024-05-24 19:34:44:,68944.6434
2024-05-24 19:46:50:,68977.5433
2024-05-24 19:58:57:,69118.6273
2024-05-24 20:21:18:,68994.3181
2024-05-24 20:34:29:,68973.442
2024-05-24 20:46:58:,69018.3659
2024-05-24 20:59:04:,68997.9814
2024-05-24 21:19:46:,68987.265
2024-05-24 21:32:19:,68934.1587
2024-05-24 21:44:10:,68930.6042
2024-05-24 21:56:30:,68904.1476
2024-05-24 22:18:51:,68830.9305
2024-05-24 22:31:03:,68867.1419
2024-05-24 22:43:30:,68901.7561
2024-05-24 22:55:29:,68842.5056
2024-05-24 23:16:57:,68799.2354
2024-05-24 23:28:58:,68792.951
2024-05-24 23:41:04:,68726.4085
2024-05-24 23:53:01:,68640.6431
2024-05-25 01:00:11:,68628.8373
2024-05-25 01:59:56:,68687.7833
2024-05-25 02:31:26:,68857.0872
2024-05-25 02:44:05:,68781.9583
2024-05-25 02:56:11:,68868.6766
2024-05-25 03:24:06:,68766.2927
2024-05-25 03:37:15:,68803.1756
2024-05-25 03:49:28:,68799.249
2024-05-25 04:08:46:,68841.9132
2024-05-25 04:28:12:,68776.0209
2024-05-25 04:40:22:,68847.1115
2024-05-25 04:52:30:,68813.766
2024-05-25 05:12:10:,68839.6782
2024-05-25 05:28:16:,68855.0694
2024-05-25 05:40:33:,68786.8695
2024-05-25 05:52:51:,68794.2558
2024-05-25 06:18:07:,68744.4637
2024-05-25 06:35:20:,68695.5442
2024-05-25 06:47:29:,68718.6453
2024-05-25 06:59:29:,68719.5897
2024-05-25 07:18:13:,68713.5626
2024-05-25 07:30:33:,68828.0098
2024-05-25 07:42:29:,68788.9638
2024-05-25 07:54:38:,68824.6838
2024-05-25 08:20:08:,68999.5243
2024-05-25 08:33:30:,69055.5767
2024-05-25 08:45:49:,68964.1428
2024-05-25 08:58:04:,68954.7445
2024-05-25 09:19:31:,69053.2609
2024-05-25 09:31:56:,69179.0487
2024-05-25 09:44:07:,69148.6387
2024-05-25 09:56:20:,69168.8722
2024-05-25 10:21:12:,69145.3455
2024-05-25 10:36:32:,69169.6936
2024-05-25 10:48:40:,69391.8168
2024-05-25 11:01:56:,69412.8381
2024-05-25 11:18:38:,69568.6125
2024-05-25 11:30:45:,69570.7168
2024-05-25 11:42:59:,69469.2107
2024-05-25 11:55:20:,69300.0752
2024-05-25 12:31:59:,69222.0604
2024-05-25 12:52:34:,69147.6477
2024-05-25 13:12:42:,69241.3885
2024-05-25 13:24:46:,69236.2769
2024-05-25 13:37:20:,69012.9626
2024-05-25 13:49:30:,68998.7275
2024-05-25 14:06:21:,69068.6109
2024-05-25 14:25:34:,69079.0342
2024-05-25 14:37:46:,69053.4379
2024-05-25 14:49:39:,69096.0536
2024-05-25 15:07:14:,69142.8465
2024-05-25 15:24:36:,69219.6072
2024-05-25 15:37:07:,69141.3421
2024-05-25 15:49:14:,69098.4254
2024-05-25 16:07:23:,68952.5516
2024-05-25 16:29:17:,69068.2365
2024-05-25 16:41:25:,68989.9587
2024-05-25 16:53:51:,68968.1305
2024-05-25 17:15:01:,69048.5474
2024-05-25 17:30:39:,69061.1911
2024-05-25 17:42:44:,69061.7335
2024-05-25 17:54:55:,69138.337
2024-05-25 18:20:40:,69280.6612
2024-05-25 18:34:05:,69202.9092
2024-05-25 18:46:25:,69199.0906
2024-05-25 18:58:37:,69257.2246
2024-05-25 19:16:06:,69237.8743
2024-05-25 19:28:13:,69196.6682
2024-05-25 19:40:11:,69176.7002
2024-05-25 19:52:22:,69228.4472
2024-05-25 20:12:18:,69260.9556
2024-05-25 20:25:15:,69192.1459
2024-05-25 20:37:57:,69134.6264
2024-05-25 20:50:09:,69180.2384
2024-05-25 21:07:25:,69157.7965
2024-05-25 21:21:31:,69139.5908
2024-05-25 21:34:27:,69180.2992
2024-05-25 21:46:19:,69177.2263
2024-05-25 21:58:14:,69169.4311
2024-05-25 22:20:31:,69147.9017
2024-05-25 22:33:01:,69121.2654
2024-05-25 22:45:13:,69176.8216
2024-05-25 22:57:23:,69168.7289
2024-05-25 23:18:20:,69369.7101
2024-05-25 23:30:12:,69387.6245
2024-05-25 23:42:17:,69304.7735
2024-05-25 23:54:39:,69314.7211
2024-05-26 01:17:20:,69283.2141
2024-05-26 02:09:33:,69189.3513
2024-05-26 02:38:43:,68939.609
2024-05-26 02:51:08:,68953.367
2024-05-26 03:11:01:,68966.2324
2024-05-26 03:27:48:,68970.7198
2024-05-26 03:39:41:,69049.465
2024-05-26 03:51:54:,69135.5883
2024-05-26 04:13:22:,69003.6688
2024-05-26 04:32:26:,69043.0513
2024-05-26 04:44:27:,69034.3139
2024-05-26 04:56:43:,69025.7268
2024-05-26 05:18:28:,69015.3423
2024-05-26 05:30:47:,69032.1557
2024-05-26 05:42:43:,69096.4177
2024-05-26 05:54:59:,69120.6568
2024-05-26 06:22:16:,69153.5083
2024-05-26 06:36:12:,69109.6182
2024-05-26 06:48:33:,69109.7053
2024-05-26 07:01:37:,69149.6655
2024-05-26 07:19:55:,69178.8691
2024-05-26 07:32:18:,69282.1954
2024-05-26 07:44:17:,69369.782
2024-05-26 07:56:38:,69315.5444
2024-05-26 08:23:07:,69367.4043
2024-05-26 08:35:35:,69281.9082
2024-05-26 08:47:32:,69192.6619
2024-05-26 08:59:46:,69167.366
2024-05-26 09:22:32:,69140.1258
2024-05-26 09:35:43:,69032.2644
2024-05-26 09:47:53:,69032.925
2024-05-26 09:59:56:,69116.0085
2024-05-26 10:25:21:,69143.2336
2024-05-26 10:39:22:,69152.0095
2024-05-26 10:51:28:,69190.2719
2024-05-26 11:09:39:,69228.1379
2024-05-26 11:21:54:,69159.3723
2024-05-26 11:34:49:,69130.0387
2024-05-26 11:46:43:,69106.6381
2024-05-26 11:58:42:,69143.9683
2024-05-26 12:35:10:,68982.4389
2024-05-26 12:54:15:,68967.4495
2024-05-26 13:15:44:,68973.7867
2024-05-26 13:27:39:,69021.5334
2024-05-26 13:39:42:,68988.1649
2024-05-26 13:52:10:,69042.0887
2024-05-26 14:10:13:,69117.7024
2024-05-26 14:25:58:,69093.3711
2024-05-26 14:38:15:,69131.8902
2024-05-26 14:50:28:,69245.2927
2024-05-26 15:09:58:,69300.4533
2024-05-26 15:26:31:,69190.1181
2024-05-26 15:38:30:,69203.0008
2024-05-26 15:50:41:,68705.7991
2024-05-26 16:11:54:,68928.7528
2024-05-26 16:31:02:,68758.2905
2024-05-26 16:43:07:,68849.6404
2024-05-26 16:55:32:,68835.6076
2024-05-26 17:16:15:,68815.4215
2024-05-26 17:29:29:,68861.6617
2024-05-26 17:41:48:,68862.9911
2024-05-26 17:53:47:,68807.8846
2024-05-26 18:18:07:,68745.8394
2024-05-26 18:31:47:,68710.8581
2024-05-26 18:44:03:,68753.3407
2024-05-26 18:56:24:,68779.5117
2024-05-26 19:15:10:,68860.152
2024-05-26 19:27:17:,68856.0509
2024-05-26 19:39:45:,68865.0072
2024-05-26 19:52:01:,68840.2701
2024-05-26 20:11:31:,68857.1484
2024-05-26 20:24:53:,68774.8269
2024-05-26 20:38:35:,68745.6892
2024-05-26 20:50:26:,68708.6101
2024-05-26 21:08:42:,68648.104
2024-05-26 21:23:46:,68576.0613
2024-05-26 21:37:08:,68304.8235
2024-05-26 21:49:02:,68374.1779
2024-05-26 22:05:04:,68558.8299
2024-05-26 22:24:54:,68618.8666
2024-05-26 22:37:03:,68656.2953
2024-05-26 22:49:23:,68576.7007
2024-05-26 23:06:43:,68483.8592
2024-05-26 23:24:33:,68372.0987
2024-05-26 23:36:47:,68420.0786
2024-05-26 23:49:14:,68515.9083
2024-05-27 00:34:34:,68621.3018
2024-05-27 01:43:54:,69133.8606
2024-05-27 02:22:00:,69232.3586
2024-05-27 02:42:51:,69085.9072
2024-05-27 02:55:12:,69067.8987
2024-05-27 03:20:44:,69008.1018
2024-05-27 03:36:23:,68919.9553
2024-05-27 03:48:25:,68882.6756
2024-05-27 04:08:14:,68789.4571
2024-05-27 04:28:59:,68828.2468
2024-05-27 04:41:03:,68796.51
2024-05-27 04:53:23:,68753.1613
2024-05-27 05:14:14:,68698.0981
2024-05-27 05:29:49:,68341.9741
2024-05-27 05:41:49:,68510.3016
2024-05-27 05:53:51:,68529.6833
2024-05-27 06:22:20:,68531.8663
2024-05-27 06:39:35:,68509.4788
2024-05-27 06:51:47:,68401.0733
2024-05-27 07:12:24:,68423.3018
2024-05-27 07:25:19:,68472.9756
2024-05-27 07:38:10:,68523.9002
2024-05-27 07:50:26:,68698.0727
2024-05-27 08:12:39:,68825.5055
2024-05-27 08:31:42:,68782.6528
2024-05-27 08:43:44:,68724.278
2024-05-27 08:55:41:,68590.631
2024-05-27 09:20:26:,68549.1361
2024-05-27 09:33:38:,68576.9765
2024-05-27 09:46:08:,68605.5817
2024-05-27 09:58:31:,68548.3682
2024-05-27 10:23:48:,68527.5894
2024-05-27 10:37:27:,68567.2481
2024-05-27 10:49:47:,68594.3678
2024-05-27 11:08:03:,68668.271
2024-05-27 11:21:59:,68635.8216
2024-05-27 11:35:50:,68530.0028
2024-05-27 11:48:05:,68383.3094
2024-05-27 12:00:14:,68485.5598
2024-05-27 12:38:32:,68649.4214
2024-05-27 12:58:44:,68699.7627
2024-05-27 13:23:14:,68926.6288
2024-05-27 13:35:23:,68753.4284
2024-05-27 13:47:42:,68888.9519
2024-05-27 13:59:35:,68924.2107
2024-05-27 14:21:20:,69123.4172
2024-05-27 14:34:46:,69186.7559
2024-05-27 14:47:07:,69119.2088
2024-05-27 14:59:04:,69473.5796
2024-05-27 15:22:46:,69960.6147
2024-05-27 15:35:10:,70139.2443
2024-05-27 15:47:24:,70472.8616
2024-05-27 15:59:24:,70362.8093
2024-05-27 16:25:09:,70403.8054
2024-05-27 16:41:04:,70359.7565
2024-05-27 16:53:13:,70225.19
2024-05-27 17:12:27:,70279.227
2024-05-27 17:27:44:,70157.3212
2024-05-27 17:41:00:,70179.7414
2024-05-27 17:51:30:,70099.9416
2024-05-27 18:14:18:,70104.128
2024-05-27 18:31:59:,70028.5616
2024-05-27 18:44:12:,69979.7723
2024-05-27 18:56:11:,69916.9518
2024-05-27 19:16:01:,69787.2386
2024-05-27 19:27:57:,69896.5212
2024-05-27 19:40:09:,69827.9756
2024-05-27 19:52:24:,69157.7413
2024-05-27 20:12:46:,69387.3545
2024-05-27 20:26:18:,69550.764
2024-05-27 20:38:36:,69633.4015
2024-05-27 20:50:45:,69527.9821
2024-05-27 21:10:36:,69572.0218
2024-05-27 21:26:44:,69661.2427
2024-05-27 21:38:52:,69586.7031
2024-05-27 21:50:46:,69560.2872
2024-05-27 22:09:07:,69598.5585
2024-05-27 22:26:57:,69588.6013
2024-05-27 22:39:00:,69605.6001
2024-05-27 22:51:06:,69521.5479
2024-05-27 23:10:22:,69465.7792
2024-05-27 23:26:22:,69333.9692
2024-05-27 23:39:10:,69278.5265
2024-05-27 23:51:15:,69370.0119
2024-05-28 00:49:43:,69093.0769
2024-05-28 01:52:32:,68649.0783
2024-05-28 02:27:49:,68695.5315
2024-05-28 02:44:59:,68614.1081
2024-05-28 02:57:12:,68644.9921
2024-05-28 03:23:17:,68438.1254
2024-05-28 03:36:47:,67806.9799
2024-05-28 03:48:52:,67832.8987
2024-05-28 04:10:32:,68001.3969
2024-05-28 04:31:44:,67703.5915
2024-05-28 04:45:12:,67633.0985
2024-05-28 04:57:03:,67781.1754
2024-05-28 05:19:52:,67814.5318
2024-05-28 05:32:20:,67820.295
2024-05-28 05:44:23:,67924.0462
2024-05-28 05:56:23:,67943.3496
2024-05-28 06:26:48:,67825.7423
2024-05-28 06:40:56:,67863.2595
2024-05-28 06:52:59:,68003.295
2024-05-28 07:13:24:,67891.4469
2024-05-28 07:25:34:,67824.7264
2024-05-28 07:37:48:,67736.1982
2024-05-28 07:49:56:,67767.7223
2024-05-28 08:12:02:,67892.4157
2024-05-28 08:31:38:,68026.885
2024-05-28 08:43:46:,68099.6874
2024-05-28 08:55:57:,68171.025
2024-05-28 09:19:56:,68112.815
2024-05-28 09:32:28:,68145.5644
2024-05-28 09:44:42:,68317.8798
2024-05-28 09:56:37:,68340.1245
2024-05-28 10:22:16:,68671.6341
2024-05-28 10:36:36:,68495.3152
2024-05-28 10:48:35:,68517.6263
2024-05-28 11:01:55:,68588.2253
2024-05-28 11:18:32:,68616.6057
2024-05-28 11:30:41:,68486.8321
2024-05-28 11:42:55:,68348.3491
2024-05-28 11:55:18:,68364.3371
2024-05-28 12:33:47:,68547.6817
2024-05-28 12:56:04:,68415.0703
2024-05-28 13:20:54:,68289.5918
2024-05-28 13:33:19:,68287.0637
2024-05-28 13:45:33:,67972.961
2024-05-28 13:57:48:,67784.3233
2024-05-28 14:20:01:,68255.4633
2024-05-28 14:32:52:,68114.2698
2024-05-28 14:45:00:,67802.617
2024-05-28 14:57:05:,68009.7681
2024-05-28 15:20:37:,67979.1422
2024-05-28 15:33:36:,67982.167
2024-05-28 15:45:39:,68271.253
2024-05-28 15:57:57:,68386.893
2024-05-28 16:24:50:,68166.1885
2024-05-28 16:39:58:,67857.6157
2024-05-28 16:52:27:,67828.6054
2024-05-28 17:11:19:,67847.8276
2024-05-28 17:27:01:,67922.2482
2024-05-28 17:38:52:,68050.8597
2024-05-28 17:51:18:,67946.4538
2024-05-28 18:13:29:,67931.5255
2024-05-28 18:33:31:,67849.3405
2024-05-28 18:45:39:,67560.6513
2024-05-28 18:57:52:,67786.9716
2024-05-28 19:16:36:,68209.59
2024-05-28 19:28:36:,68265.3022
2024-05-28 19:40:52:,68320.0042
2024-05-28 19:53:11:,68443.9471
2024-05-28 20:14:56:,68421.5754
2024-05-28 20:27:35:,68323.1114
2024-05-28 20:39:43:,68320.0146
2024-05-28 20:52:06:,68172.671
2024-05-28 21:12:14:,68294.5124
2024-05-28 21:25:32:,68345.9451
2024-05-28 21:38:26:,68384.9055
2024-05-28 21:50:40:,68367.4979
2024-05-28 22:08:51:,68562.818
2024-05-28 22:27:48:,68541.3142
2024-05-28 22:39:52:,68441.9808
2024-05-28 22:51:49:,68507.7208
2024-05-28 23:13:05:,68391.697
2024-05-28 23:27:48:,68429.3292
2024-05-28 23:39:41:,68384.5346
2024-05-28 23:52:09:,68347.8018
2024-05-29 00:58:52:,68427.7951
2024-05-29 02:03:43:,68552.9336
2024-05-29 02:36:51:,68688.0654
2024-05-29 02:48:54:,68629.7785
2024-05-29 03:07:58:,68732.477
2024-05-29 03:27:33:,68726.4966
2024-05-29 03:39:41:,68754.0274
2024-05-29 03:51:50:,68748.4518
2024-05-29 04:15:46:,68754.025
2024-05-29 04:33:22:,68795.494
2024-05-29 04:45:17:,68824.1635
2024-05-29 04:57:33:,68815.7628
2024-05-29 05:21:12:,68627.2419
2024-05-29 05:34:52:,68683.9423
2024-05-29 05:47:11:,68659.0517
2024-05-29 05:59:11:,68572.2349
2024-05-29 06:28:04:,68583.3751
2024-05-29 06:41:22:,68528.5352
2024-05-29 06:53:50:,68498.9193
2024-05-29 07:14:13:,68294.6108
2024-05-29 07:26:16:,68151.6753
2024-05-29 07:39:06:,68220.5551
2024-05-29 07:51:21:,68125.8387
2024-05-29 08:14:50:,67785.3529
2024-05-29 08:32:34:,67903.7895
2024-05-29 08:44:37:,67861.9096
2024-05-29 08:56:37:,67908.654
2024-05-29 09:22:36:,67793.6048
2024-05-29 09:35:25:,67662.4625
2024-05-29 09:47:20:,67766.1502
2024-05-29 09:59:36:,67815.2768
2024-05-29 10:25:55:,67921.5597
2024-05-29 10:39:47:,67911.9998
2024-05-29 10:52:03:,67946.7421
2024-05-29 11:10:44:,67856.2869
2024-05-29 11:23:00:,67897.8342
2024-05-29 11:35:43:,67877.588
2024-05-29 11:48:06:,67907.987
2024-05-29 12:00:16:,67749.1512
2024-05-29 12:38:56:,67677.3101
2024-05-29 12:58:24:,67883.5984
2024-05-29 13:23:19:,67860.2613
2024-05-29 13:36:42:,67758.041
2024-05-29 13:48:52:,67789.1904
2024-05-29 14:05:42:,67981.4695
2024-05-29 14:26:50:,67932.2534
2024-05-29 14:38:56:,67806.5293
2024-05-29 14:51:19:,67787.2938
2024-05-29 15:12:14:,67621.7817
2024-05-29 15:28:12:,67865.192
2024-05-29 15:40:18:,67445.6938
2024-05-29 15:52:47:,67489.6446
2024-05-29 16:17:18:,67251.4929
2024-05-29 16:36:00:,67510.1405
2024-05-29 16:48:03:,67674.7801
2024-05-29 17:00:24:,67542.5644
2024-05-29 17:22:20:,67420.0287
2024-05-29 17:35:27:,67603.7235
2024-05-29 17:47:27:,67376.8594
2024-05-29 17:59:27:,67640.8883
2024-05-29 18:26:28:,67381.8964
2024-05-29 18:39:16:,67355.2309
2024-05-29 18:51:26:,67358.4242
2024-05-29 19:09:20:,67449.1522
2024-05-29 19:21:29:,67545.4157
2024-05-29 19:33:57:,67587.4719
2024-05-29 19:45:50:,67371.5777
2024-05-29 19:58:08:,67349.9432
2024-05-29 20:21:35:,67287.2692
2024-05-29 20:34:22:,67294.5926
2024-05-29 20:46:42:,67359.8553
2024-05-29 20:58:58:,67449.8044
2024-05-29 21:18:51:,67424.6737
2024-05-29 21:31:24:,67382.7534
2024-05-29 21:43:21:,67554.7669
2024-05-29 21:55:38:,67684.0232
2024-05-29 22:18:40:,67606.5263
2024-05-29 22:32:33:,67701.4058
2024-05-29 22:44:40:,67667.538
2024-05-29 22:56:40:,67653.1153
2024-05-29 23:19:40:,67662.8849
2024-05-29 23:32:13:,67616.2117
2024-05-29 23:44:33:,67597.9028
2024-05-29 23:56:49:,67585.3698
2024-05-30 01:24:40:,67599.1333
2024-05-30 02:12:15:,67836.105
2024-05-30 02:39:53:,68064.341
2024-05-30 02:52:04:,67973.1315
2024-05-30 03:13:18:,67888.3139
2024-05-30 03:29:34:,67943.5139
2024-05-30 03:41:32:,67978.7546
2024-05-30 03:53:55:,68050.3844
2024-05-30 04:21:40:,68104.592
2024-05-30 04:38:05:,68263.3777
2024-05-30 04:50:18:,68139.1054
2024-05-30 05:08:55:,68045.9338
2024-05-30 05:27:39:,68055.8907
2024-05-30 05:39:57:,68046.9483
2024-05-30 05:52:14:,68084.2445
2024-05-30 06:17:00:,67933.5934
2024-05-30 06:34:41:,67753.1227
2024-05-30 06:47:00:,67933.4505
2024-05-30 06:59:18:,67756.1909
2024-05-30 07:19:54:,67808.1707
2024-05-30 07:33:17:,67777.8585
2024-05-30 07:45:12:,67957.0019
2024-05-30 07:57:12:,67545.3015
2024-05-30 08:25:34:,67240.2962
2024-05-30 08:39:34:,67525.4263
2024-05-30 08:52:03:,67558.9689
2024-05-30 09:13:30:,67656.8995
2024-05-30 09:27:59:,67597.7672
2024-05-30 09:40:10:,67495.4278
2024-05-30 09:52:24:,67661.9686
2024-05-30 10:13:48:,67684.0374
2024-05-30 10:32:19:,67778.2711
2024-05-30 10:44:14:,67939.509
2024-05-30 10:56:17:,67939.6851
2024-05-30 11:16:39:,67963.4546
2024-05-30 11:28:50:,68015.7857
2024-05-30 11:40:48:,67970.2082
2024-05-30 11:52:54:,67876.1011
2024-05-30 12:25:50:,68060.0476
2024-05-30 12:52:31:,68128.6237
2024-05-30 13:14:01:,68161.6074
2024-05-30 13:27:24:,68254.5313
2024-05-30 13:39:32:,68185.2422
2024-05-30 13:51:37:,68616.1776
2024-05-30 14:11:50:,68665.1402
2024-05-30 14:29:32:,68703.4752
2024-05-30 14:41:47:,68539.1497
2024-05-30 14:54:15:,68300.1904
2024-05-30 15:17:20:,68347.6112
2024-05-30 15:29:32:,68438.6594
2024-05-30 15:41:30:,68619.248
2024-05-30 15:53:42:,68609.9242
2024-05-30 16:18:50:,68496.5127
2024-05-30 16:36:10:,68471.4197
2024-05-30 16:48:31:,68586.1828
2024-05-30 17:01:54:,68696.9576
2024-05-30 17:22:10:,68835.6802
2024-05-30 17:35:12:,69158.5959
2024-05-30 17:47:37:,69376.5221
2024-05-30 17:59:35:,69377.8261
2024-05-30 18:28:43:,69315.3811
2024-05-30 18:41:58:,69211.4105
2024-05-30 18:54:08:,69314.6381
2024-05-30 19:14:12:,69251.1998
2024-05-30 19:26:13:,69060.5414
2024-05-30 19:38:30:,68704.5033
2024-05-30 19:50:33:,68490.1062
2024-05-30 20:10:27:,68355.9815
2024-05-30 20:26:40:,68442.3349
2024-05-30 20:38:49:,68475.2396
2024-05-30 20:51:06:,68498.1298
2024-05-30 21:11:19:,68450.7523
2024-05-30 21:26:04:,68354.0227
2024-05-30 21:38:38:,68508.9406
2024-05-30 21:50:51:,68406.3857
2024-05-30 22:10:32:,68293.7516
2024-05-30 22:28:39:,68374.4478
2024-05-30 22:40:55:,68331.3416
2024-05-30 22:53:27:,68328.1203
2024-05-30 23:14:53:,68392.8304
2024-05-30 23:27:06:,68482.627
2024-05-30 23:39:28:,68441.8471
2024-05-30 23:51:40:,68408.7254
2024-05-31 00:53:40:,68386.2093
2024-05-31 01:57:51:,68468.1594
2024-05-31 02:33:57:,68489.7024
2024-05-31 02:46:40:,68546.5568
2024-05-31 02:58:50:,68525.6014
2024-05-31 03:22:50:,68509.4535
2024-05-31 03:35:25:,68486.6749
2024-05-31 03:47:40:,68594.3858
2024-05-31 03:59:51:,68504.5077
2024-05-31 04:26:35:,68515.1685
2024-05-31 04:41:11:,68518.3934
2024-05-31 04:53:06:,68547.1154
2024-05-31 05:16:15:,68418.4648
2024-05-31 05:32:26:,68330.1212
2024-05-31 05:44:32:,68401.4104
2024-05-31 05:56:46:,68440.3013
2024-05-31 06:27:04:,68362.7764
2024-05-31 06:41:19:,68333.4501
2024-05-31 06:53:34:,68277.8784
2024-05-31 07:13:43:,68310.3
2024-05-31 07:26:12:,68371.5929
2024-05-31 07:38:21:,68291.8554
2024-05-31 07:50:38:,68163.7225
2024-05-31 08:12:37:,68265.7198
2024-05-31 08:31:08:,68217.6234
2024-05-31 08:43:13:,68229.3229
2024-05-31 08:55:26:,68117.2749
2024-05-31 09:21:10:,67923.7106
2024-05-31 09:33:49:,67911.7807
2024-05-31 09:45:56:,67952.1188
2024-05-31 09:57:48:,67902.4524
2024-05-31 10:22:33:,68142.5403
2024-05-31 10:35:49:,68146.809
2024-05-31 10:47:59:,68204.3502
2024-05-31 11:00:02:,68326.0396
2024-05-31 11:17:42:,68358.7333
2024-05-31 11:30:05:,68299.2732
2024-05-31 11:42:24:,68408.9253
2024-05-31 11:54:36:,68398.4518
2024-05-31 12:31:33:,68757.5016
2024-05-31 12:54:31:,68678.1382
2024-05-31 13:17:58:,68567.5973
2024-05-31 13:29:57:,68680.9564
2024-05-31 13:42:05:,68445.3647
2024-05-31 13:54:22:,68283.3997
2024-05-31 14:14:38:,67869.2438
2024-05-31 14:29:29:,67813.4927
2024-05-31 14:41:52:,67507.5422
2024-05-31 14:54:14:,67548.6382
2024-05-31 15:18:43:,67414.0522
2024-05-31 15:30:45:,67565.6705
2024-05-31 15:42:45:,67400.4962
2024-05-31 15:54:49:,67347.7496
2024-05-31 16:20:26:,66763.7407
2024-05-31 16:37:36:,66998.0092
2024-05-31 16:49:42:,67007.6182
2024-05-31 17:07:05:,67350.4694
2024-05-31 17:28:06:,67382.489
2024-05-31 17:40:11:,67328.0164
2024-05-31 17:52:09:,67373.9341
2024-05-31 18:15:53:,67430.0643
2024-05-31 18:32:48:,67247.8253
2024-05-31 18:44:47:,67386.6453
2024-05-31 18:57:00:,67363.516
2024-05-31 19:16:33:,67387.1491
2024-05-31 19:28:32:,67570.0854
2024-05-31 19:40:43:,67665.0453
2024-05-31 19:53:05:,67848.4594
2024-05-31 20:14:18:,67668.123
2024-05-31 20:26:47:,67630.8557
2024-05-31 20:38:47:,67654.3553
2024-05-31 20:51:13:,67699.891
2024-05-31 21:10:29:,67664.9371
2024-05-31 21:25:22:,67600.9357
2024-05-31 21:37:24:,67585.7836
2024-05-31 21:49:32:,67525.9066
2024-05-31 22:07:10:,67568.807
2024-05-31 22:27:10:,67631.1713
2024-05-31 22:39:12:,67649.3052
2024-05-31 22:51:12:,67651.433
2024-05-31 23:10:34:,67515.7886
2024-05-31 23:25:18:,67272.1697
2024-05-31 23:37:28:,67344.7527
2024-05-31 23:49:44:,67539.1485
2024-06-01 00:40:25:,67587.8365
2024-06-01 01:48:44:,67559.8455
2024-06-01 02:26:35:,67658.9408
2024-06-01 02:50:02:,67709.1142
2024-06-01 03:10:18:,67726.5176
2024-06-01 03:30:08:,67671.6257
2024-06-01 03:42:17:,67747.6022
2024-06-01 03:54:19:,67742.2189
2024-06-01 04:19:01:,67680.9902
2024-06-01 04:32:55:,67704.2041
2024-06-01 04:45:18:,67708.5085
2024-06-01 04:57:23:,67719.1612
2024-06-01 05:21:18:,67647.0647
2024-06-01 05:35:10:,67652.9779
2024-06-01 05:47:23:,67789.4335
2024-06-01 05:59:31:,67700.5934
2024-06-01 06:27:13:,67676.5454
2024-06-01 06:40:11:,67643.5285
2024-06-01 06:52:37:,67696.3869
2024-06-01 07:11:25:,67684.2411
2024-06-01 07:23:20:,67652.6819
2024-06-01 07:35:48:,67615.8492
2024-06-01 07:47:42:,67664.6869
2024-06-01 07:59:42:,67644.3468
2024-06-01 08:24:41:,67647.8641
2024-06-01 08:37:25:,67662.3204
2024-06-01 08:49:42:,67722.9307
2024-06-01 09:10:19:,67730.433
2024-06-01 09:27:08:,67718.5971
2024-06-01 09:39:20:,67696.6228
2024-06-01 09:51:20:,67696.9483
2024-06-01 10:11:16:,67712.1062
2024-06-01 10:31:29:,67685.8835
2024-06-01 10:43:36:,67686.4379
2024-06-01 10:55:53:,67667.0632
2024-06-01 11:18:37:,67702.4728
2024-06-01 11:30:49:,67701.5974
2024-06-01 11:42:52:,67701.5268
2024-06-01 11:55:01:,67683.4202
2024-06-01 12:31:09:,67723.9423
2024-06-01 12:52:25:,67795.5511
2024-06-01 13:12:27:,67811.3658
2024-06-01 13:25:11:,67828.915
2024-06-01 13:37:14:,67824.527
2024-06-01 13:49:25:,67808.6887
2024-06-01 14:07:37:,67747.5088
2024-06-01 14:27:17:,67809.8115
2024-06-01 14:39:38:,67861.3249
2024-06-01 14:51:47:,67821.5166
2024-06-01 15:11:07:,67803.774
2024-06-01 15:26:18:,67781.5806
2024-06-01 15:38:31:,67788.6454
2024-06-01 15:50:46:,67784.3477
2024-06-01 16:10:41:,67730.7295
2024-06-01 16:29:40:,67733.1634
2024-06-01 16:41:43:,67707.6875
2024-06-01 16:53:40:,67708.1492
2024-06-01 17:13:11:,67689.7974
2024-06-01 17:28:02:,67684.9622
2024-06-01 17:40:12:,67676.6611
2024-06-01 17:52:11:,67710.6343
2024-06-01 18:15:26:,67785.3475
2024-06-01 18:31:30:,67756.6749
2024-06-01 18:43:38:,67777.2558
2024-06-01 18:55:55:,67766.2457
2024-06-01 19:17:22:,67744.1418
2024-06-01 19:29:12:,67755.5265
2024-06-01 19:41:23:,67777.1169
2024-06-01 19:53:32:,67780.5993
2024-06-01 20:14:07:,67781.2977
2024-06-01 20:26:10:,67755.4469
2024-06-01 20:38:20:,67769.6853
2024-06-01 20:50:30:,67756.8222
2024-06-01 21:09:31:,67768.5934
2024-06-01 21:24:11:,67788.0123
2024-06-01 21:36:31:,67780.959
2024-06-01 21:48:47:,67833.3366
2024-06-01 22:03:31:,67770.7436
2024-06-01 22:24:53:,67838.5093
2024-06-01 22:36:59:,67815.6712
2024-06-01 22:49:16:,67804.144
2024-06-01 23:07:40:,67816.1229
2024-06-01 23:24:41:,67807.5924
2024-06-01 23:37:54:,67769.5322
2024-06-01 23:50:11:,67754.8554
2024-06-02 00:43:48:,67817.0328
2024-06-02 01:52:17:,67793.5929
2024-06-02 02:30:06:,67770.0615
2024-06-02 02:48:05:,67715.6601
2024-06-02 03:00:28:,67748.207
2024-06-02 03:23:53:,67811.5541
2024-06-02 03:36:11:,67807.752
2024-06-02 03:48:28:,67807.1075
2024-06-02 04:06:50:,67770.8413
2024-06-02 04:28:57:,67819.0933
2024-06-02 04:40:51:,67845.9236
2024-06-02 04:52:53:,67842.3322
2024-06-02 05:12:56:,67824.308
2024-06-02 05:28:39:,67790.1382
2024-06-02 05:41:06:,67759.5771
2024-06-02 05:53:25:,67788.5779
2024-06-02 06:20:04:,67794.9571
2024-06-02 06:36:22:,67816.2609
2024-06-02 06:48:33:,67829.7498
2024-06-02 07:03:46:,67828.7675
2024-06-02 07:20:12:,67764.4401
2024-06-02 07:32:40:,67761.9073
2024-06-02 07:44:30:,67754.99
2024-06-02 07:56:33:,67777.673
2024-06-02 08:22:53:,67746.1095
2024-06-02 08:36:06:,67779.5905
2024-06-02 08:48:20:,67788.7059
2024-06-02 09:00:41:,67767.5973
2024-06-02 09:21:33:,67615.1878
2024-06-02 09:34:25:,67617.756
2024-06-02 09:46:28:,67454.351
2024-06-02 09:58:43:,67538.9344
2024-06-02 10:23:23:,67438.5257
2024-06-02 10:36:14:,67513.9351
2024-06-02 10:48:37:,67542.4501
2024-06-02 11:01:16:,67573.9683
2024-06-02 11:18:43:,67557.9324
2024-06-02 11:31:04:,67634.3527
2024-06-02 11:43:06:,67717.4285
2024-06-02 11:55:19:,68245.8761
2024-06-02 12:31:33:,68126.9912
2024-06-02 12:52:28:,68031.0491
2024-06-02 13:12:25:,67919.9223
2024-06-02 13:25:15:,68104.7395
2024-06-02 13:37:30:,68012.1654
2024-06-02 13:49:42:,68090.1794
2024-06-02 14:06:46:,68099.3929
2024-06-02 14:25:06:,68259.3681
2024-06-02 14:37:33:,68403.2219
2024-06-02 14:49:45:,68149.5102
2024-06-02 15:07:20:,68203.7506
2024-06-02 15:23:33:,68057.3951
2024-06-02 15:37:01:,68123.986
2024-06-02 15:49:05:,68140.6451
2024-06-02 16:08:03:,68162.3803
2024-06-02 16:29:12:,68068.4612
2024-06-02 16:41:24:,68118.7222
2024-06-02 16:53:34:,68098.3449
2024-06-02 17:13:38:,68027.8896
2024-06-02 17:29:03:,67931.4192
2024-06-02 17:41:17:,67998.1363
2024-06-02 17:53:28:,67933.9742
2024-06-02 18:19:19:,67649.7918
2024-06-02 18:34:01:,67589.8509
2024-06-02 18:46:01:,67742.5665
2024-06-02 18:58:13:,67716.555
2024-06-02 19:15:23:,67664.7357
2024-06-02 19:27:25:,67562.4688
2024-06-02 19:39:42:,67713.5114
2024-06-02 19:51:51:,67767.6201
2024-06-02 20:11:25:,67724.1258
2024-06-02 20:25:02:,67686.2094
2024-06-02 20:37:28:,67708.9461
2024-06-02 20:49:34:,67727.4205
2024-06-02 21:07:34:,67850.7821
2024-06-02 21:23:50:,67846.0735
2024-06-02 21:36:03:,67778.4695
2024-06-02 21:48:14:,67836.2878
2024-06-02 22:00:42:,67850.031
2024-06-02 22:22:41:,67887.7294
2024-06-02 22:35:13:,67957.6536
2024-06-02 22:47:24:,67860.2328
2024-06-02 22:59:20:,67914.0978
2024-06-02 23:21:00:,67868.2532
2024-06-02 23:33:41:,67861.3082
2024-06-02 23:45:57:,67833.8146
2024-06-02 23:57:55:,67785.9172
2024-06-03 01:39:06:,68278.3091
2024-06-03 02:21:23:,68704.4984
2024-06-03 02:43:39:,68495.7109
2024-06-03 02:55:49:,68501.3035
2024-06-03 03:22:05:,68323.8267
2024-06-03 03:35:49:,68426.5999
2024-06-03 03:48:21:,68512.4097
2024-06-03 04:00:25:,68383.9653
2024-06-03 04:27:16:,68412.7315
2024-06-03 04:40:46:,68392.8598
2024-06-03 04:53:11:,68481.0991
2024-06-03 05:15:29:,68497.4092
2024-06-03 05:31:22:,68639.1381
2024-06-03 05:43:41:,68739.4149
2024-06-03 05:56:03:,68652.6443
2024-06-03 06:26:54:,68935.5374
2024-06-03 06:41:37:,69195.9085
2024-06-03 06:53:44:,69025.1083
2024-06-03 07:14:24:,69126.4865
2024-06-03 07:26:41:,68879.4193
2024-06-03 07:38:40:,68938.0833
2024-06-03 07:50:46:,68910.0839
2024-06-03 08:14:04:,69116.76
2024-06-03 08:32:20:,69303.8693
2024-06-03 08:44:15:,69336.0172
2024-06-03 08:56:30:,69209.4113
2024-06-03 09:21:34:,68967.5279
2024-06-03 09:34:21:,69092.563
2024-06-03 09:46:22:,69043.6077
2024-06-03 09:58:32:,69085.0807
2024-06-03 10:26:51:,69197.2883
2024-06-03 10:41:30:,69178.9005
2024-06-03 10:53:38:,68934.091
2024-06-03 11:12:38:,69049.3535
2024-06-03 11:24:37:,69202.9026
2024-06-03 11:36:50:,69133.7842
2024-06-03 11:49:10:,69078.4873
2024-06-03 12:13:30:,69206.1471
2024-06-03 12:47:04:,69594.5881
2024-06-03 13:07:42:,69722.9186
2024-06-03 13:27:11:,69623.7282
2024-06-03 13:39:21:,69879.9278
2024-06-03 13:51:40:,70129.7889
2024-06-03 14:11:13:,69741.637
2024-06-03 14:29:54:,69724.8757
2024-06-03 14:42:10:,69058.6787
2024-06-03 14:54:08:,69035.7929
2024-06-03 15:17:32:,69116.076
2024-06-03 15:29:51:,69022.6851
2024-06-03 15:42:01:,69231.281
2024-06-03 15:54:20:,69256.8729
2024-06-03 16:20:35:,69373.8132
2024-06-03 16:37:26:,69207.0999
2024-06-03 16:49:33:,69284.4049
2024-06-03 17:08:02:,69009.5765
2024-06-03 17:26:10:,69187.1155
2024-06-03 17:38:08:,69286.1315
2024-06-03 17:50:13:,69306.6108
2024-06-03 18:12:18:,69276.8252
2024-06-03 18:33:31:,69425.9529
2024-06-03 18:45:42:,69415.8385
2024-06-03 18:57:49:,69290.2911
2024-06-03 19:17:20:,69129.4196
2024-06-03 19:29:27:,69133.0126
2024-06-03 19:41:44:,69153.365
2024-06-03 19:54:04:,69160.672
2024-06-03 20:16:31:,69451.6973
2024-06-03 20:28:36:,69442.01
2024-06-03 20:41:09:,69314.1255
2024-06-03 20:53:39:,69265.8489
2024-06-03 21:14:19:,69159.7857
2024-06-03 21:26:37:,68982.8945
2024-06-03 21:39:03:,69141.5507
2024-06-03 21:51:14:,69233.7537
2024-06-03 22:10:47:,68944.7401
2024-06-03 22:29:47:,69018.1489
2024-06-03 22:42:05:,69099.4997
2024-06-03 22:54:31:,69087.0965
2024-06-03 23:17:07:,68973.9852
2024-06-03 23:29:12:,68953.906
2024-06-03 23:41:14:,68829.7685
2024-06-03 23:53:36:,68870.0478
2024-06-04 01:06:50:,69005.1594
2024-06-04 02:06:52:,69233.4478
2024-06-04 02:37:13:,69194.5882
2024-06-04 02:49:06:,69128.2532
2024-06-04 03:09:11:,69277.6598
2024-06-04 03:28:46:,69228.6018
2024-06-04 03:41:03:,69220.5052
2024-06-04 03:53:28:,69196.5203
2024-06-04 04:17:16:,69249.8756
2024-06-04 04:31:58:,69263.0654
2024-06-04 04:44:00:,69188.2272
2024-06-04 04:56:11:,69130.1362
2024-06-04 05:23:29:,69142.5421
2024-06-04 05:38:08:,69069.6227
2024-06-04 05:50:11:,69077.5413
2024-06-04 06:12:31:,68886.74
2024-06-04 06:33:04:,69021.4558
2024-06-04 06:45:17:,68943.797
2024-06-04 06:57:28:,69006.4058
2024-06-04 07:19:23:,69062.1532
2024-06-04 07:31:35:,69027.5147
2024-06-04 07:43:44:,69040.6173
2024-06-04 07:55:57:,69120.13
2024-06-04 08:23:56:,69130.6342
2024-06-04 08:38:17:,69113.6201
2024-06-04 08:50:35:,68997.2489
2024-06-04 09:11:30:,68852.3483
2024-06-04 09:28:16:,68780.9075
2024-06-04 09:40:43:,68724.9543
2024-06-04 09:52:51:,68629.7643
2024-06-04 10:14:55:,68899.9575
2024-06-04 10:33:34:,68943.9182
2024-06-04 10:45:36:,68988.2392
2024-06-04 10:57:53:,68935.9929
2024-06-04 11:18:03:,68981.0428
2024-06-04 11:30:15:,69008.4074
2024-06-04 11:42:24:,68913.7772
2024-06-04 11:54:37:,69003.2626
2024-06-04 12:32:00:,69100.8786
2024-06-04 12:55:47:,68908.3415
2024-06-04 13:21:11:,69291.0691
2024-06-04 13:33:33:,69388.2011
2024-06-04 13:45:34:,69591.7063
2024-06-04 13:57:48:,69696.8065
2024-06-04 14:20:27:,70057.5009
2024-06-04 14:34:13:,69622.0355
2024-06-04 14:46:14:,69596.8822
2024-06-04 14:58:16:,69670.7914
2024-06-04 15:22:30:,70126.435
2024-06-04 15:34:54:,70092.5885
2024-06-04 15:47:04:,70210.4357
2024-06-04 15:59:03:,70462.9241
2024-06-04 16:26:47:,70790.9899
2024-06-04 16:43:08:,70925.1447
2024-06-04 16:55:28:,70699.0896
2024-06-04 17:16:19:,70556.074
2024-06-04 17:29:01:,70416.5093
2024-06-04 17:41:12:,70400.3265
2024-06-04 17:53:11:,70610.2306
2024-06-04 18:18:41:,70845.8365
2024-06-04 18:35:02:,70942.5904
2024-06-04 18:47:26:,70864.3158
2024-06-04 18:59:39:,70736.2527
2024-06-04 19:18:20:,70613.3815
2024-06-04 19:30:30:,70486.0017
2024-06-04 19:42:46:,70278.1613
2024-06-04 19:55:12:,70259.6017
2024-06-04 20:18:30:,70280.2894
2024-06-04 20:30:46:,70240.9183
2024-06-04 20:42:50:,70310.9802
2024-06-04 20:55:10:,70504.58
2024-06-04 21:16:30:,70426.1449
2024-06-04 21:28:37:,70475.0546
2024-06-04 21:40:35:,70494.4086
2024-06-04 21:52:49:,70553.3277
2024-06-04 22:13:18:,70699.6948
2024-06-04 22:31:42:,70670.1816
2024-06-04 22:43:46:,70565.6351
2024-06-04 22:55:49:,70601.1557
2024-06-04 23:20:13:,70517.4159
2024-06-04 23:32:47:,70481.1299
2024-06-04 23:44:59:,70552.3291
2024-06-04 23:57:11:,70584.0203
2024-06-05 01:25:32:,70941.954
2024-06-05 02:18:40:,70902.234
2024-06-05 02:42:09:,70887.627
2024-06-05 02:54:19:,70896.2709
2024-06-05 03:20:06:,70804.3409
2024-06-05 03:35:26:,70858.273
2024-06-05 03:47:53:,70878.2431
2024-06-05 03:59:47:,70963.6853
2024-06-05 04:27:38:,70993.6548
2024-06-05 04:41:35:,71152.983
2024-06-05 04:53:53:,71205.6194
2024-06-05 05:15:22:,70915.2023
2024-06-05 05:31:12:,71039.8516
2024-06-05 05:43:13:,70953.3012
2024-06-05 05:55:24:,71045.9969
2024-06-05 06:25:42:,70999.5598
2024-06-05 06:40:56:,71106.8528
2024-06-05 06:53:05:,71139.1612
2024-06-05 07:14:01:,71176.2703
2024-06-05 07:26:14:,71181.4647
2024-06-05 07:38:34:,71195.3889
2024-06-05 07:50:56:,71264.0993
2024-06-05 08:13:04:,71085.6205
2024-06-05 08:30:58:,71136.2685
2024-06-05 08:43:15:,71034.2602
2024-06-05 08:55:20:,70926.9241
2024-06-05 09:22:43:,71040.0751
2024-06-05 09:36:00:,70968.1279
2024-06-05 09:48:15:,70923.116
2024-06-05 10:00:27:,70935.0545
2024-06-05 10:25:41:,70822.3223
2024-06-05 10:39:19:,70889.0703
2024-06-05 10:51:37:,70870.9026
2024-06-05 11:09:21:,70782.5535
2024-06-05 11:23:20:,71001.0931
2024-06-05 11:36:56:,70949.0658
2024-06-05 11:48:53:,71030.3845
2024-06-05 12:12:05:,70887.6575
2024-06-05 12:45:53:,70985.0437
2024-06-05 13:05:10:,70960.6628
2024-06-05 13:26:22:,71114.8098
2024-06-05 13:38:39:,70875.1472
2024-06-05 13:51:02:,70677.5696
2024-06-05 14:10:54:,70596.221
2024-06-05 14:30:14:,70803.4575
2024-06-05 14:42:14:,71043.6104
2024-06-05 14:54:28:,71071.6039
2024-06-05 15:17:23:,71273.8395
2024-06-05 15:29:39:,71651.0557
2024-06-05 15:41:34:,71654.5476
2024-06-05 15:53:39:,71505.2537
2024-06-05 16:19:16:,71662.6227
2024-06-05 16:37:05:,71664.8228
2024-06-05 16:49:16:,71352.4275
2024-06-05 17:06:50:,71496.1373
2024-06-05 17:26:47:,71475.4012
2024-06-05 17:38:50:,71501.5062
2024-06-05 17:50:51:,71616.9194
2024-06-05 18:13:00:,71311.3028
2024-06-05 18:32:19:,71119.6092
2024-06-05 18:44:33:,71051.8887
2024-06-05 18:56:39:,71089.9666
2024-06-05 19:16:35:,70877.828
2024-06-05 19:28:45:,70851.6509
2024-06-05 19:41:07:,71115.4444
2024-06-05 19:53:28:,71323.8998
2024-06-05 20:16:25:,71265.1641
2024-06-05 20:28:56:,71292.0451
2024-06-05 20:41:08:,71202.7087
2024-06-05 20:53:16:,71220.529
2024-06-05 21:15:00:,71097.7344
2024-06-05 21:27:26:,71014.8728
2024-06-05 21:39:19:,71125.5242
2024-06-05 21:51:17:,71029.8231
2024-06-05 22:10:27:,71174.8622
2024-06-05 22:29:18:,71055.0377
2024-06-05 22:41:35:,71119.5444
2024-06-05 22:53:48:,71092.2193
2024-06-05 23:16:37:,71212.3491
2024-06-05 23:28:45:,71067.8344
2024-06-05 23:41:02:,71030.5705
2024-06-05 23:53:22:,71123.6686
2024-06-06 01:04:36:,70941.6412
2024-06-06 02:05:38:,71085.9414
2024-06-06 02:36:10:,71201.7591
2024-06-06 02:48:28:,71143.2067
2024-06-06 03:07:10:,71171.092
2024-06-06 03:28:08:,71181.1469
2024-06-06 03:40:12:,71046.7276
2024-06-06 03:52:38:,71048.7485
2024-06-06 04:15:47:,70936.9194
2024-06-06 04:31:48:,70966.3944
2024-06-06 04:44:01:,71038.7762
2024-06-06 04:56:21:,71078.5055
2024-06-06 05:20:27:,70925.0779
2024-06-06 05:34:11:,70895.5775
2024-06-06 05:46:13:,70855.8689
2024-06-06 05:58:17:,70909.9143
2024-06-06 06:28:02:,70981.6596
2024-06-06 06:41:54:,70897.9269
2024-06-06 06:54:10:,70903.4957
2024-06-06 07:15:41:,70936.4579
2024-06-06 07:27:52:,70927.0421
2024-06-06 07:39:51:,71016.0234
2024-06-06 07:52:20:,71009.331
2024-06-06 08:16:15:,70955.7904
2024-06-06 08:32:55:,70963.956
2024-06-06 08:45:00:,70938.4911
2024-06-06 08:56:54:,70966.6912
2024-06-06 09:22:48:,71012.4562
2024-06-06 09:36:30:,70985.8343
2024-06-06 09:48:39:,70923.4283
2024-06-06 10:06:46:,70930.1223
2024-06-06 10:29:11:,70955.8206
2024-06-06 10:41:10:,70959.649
2024-06-06 10:53:29:,71007.3993
2024-06-06 11:12:59:,71053.071
2024-06-06 11:25:02:,71092.4421
2024-06-06 11:37:44:,71136.8244
2024-06-06 11:50:15:,71141.9424
2024-06-06 12:15:45:,71236.4139
2024-06-06 12:47:35:,71082.6866
2024-06-06 13:08:05:,70986.4534
2024-06-06 13:26:41:,71142.3595
2024-06-06 13:39:35:,71351.9278
2024-06-06 13:51:27:,71299.9005
2024-06-06 14:11:11:,71202.622
2024-06-06 14:29:53:,71234.7467
2024-06-06 14:44:46:,71374.3028
2024-06-06 14:54:26:,71502.5358
2024-06-06 15:18:23:,71478.9582
2024-06-06 15:30:40:,71607.709
2024-06-06 15:42:43:,71507.966
2024-06-06 15:54:56:,71312.6246
2024-06-06 16:22:09:,71150.5791
2024-06-06 16:37:55:,70904.4674
2024-06-06 16:49:44:,71014.1005
2024-06-06 17:08:39:,70864.5377
2024-06-06 17:28:53:,71198.7007
2024-06-06 17:40:46:,71150.1211
2024-06-06 17:52:42:,70986.616
2024-06-06 18:17:12:,70939.3335
2024-06-06 18:34:10:,71046.5419
2024-06-06 18:46:08:,71104.5427
2024-06-06 18:58:14:,71106.525
2024-06-06 19:18:30:,70970.4339
2024-06-06 19:30:32:,70950.6953
2024-06-06 19:42:42:,70727.4993
2024-06-06 19:54:59:,70589.4922
2024-06-06 20:19:48:,70640.0213
2024-06-06 20:32:52:,70688.2712
2024-06-06 20:44:56:,70655.1809
2024-06-06 20:56:58:,70772.0318
2024-06-06 21:20:14:,70880.8279
2024-06-06 21:34:32:,70833.3956
2024-06-06 21:46:18:,70785.4379
2024-06-06 21:58:22:,70764.0491
2024-06-06 22:20:27:,70762.9843
2024-06-06 22:33:55:,70853.3178
2024-06-06 22:45:59:,70859.0654
2024-06-06 22:58:18:,70907.13
2024-06-06 23:24:17:,70819.862
2024-06-06 23:36:42:,70812.3789
2024-06-06 23:49:08:,70833.5433
2024-06-07 00:34:14:,70885.2253
2024-06-07 01:46:05:,70846.124
2024-06-07 02:24:55:,70768.5416
2024-06-07 02:47:17:,70750.3675
2024-06-07 02:59:27:,70840.582
2024-06-07 03:24:44:,70951.0291
2024-06-07 03:38:13:,70946.6477
2024-06-07 03:50:05:,70987.8766
2024-06-07 04:11:55:,71151.1277
2024-06-07 04:31:37:,71211.7361
2024-06-07 04:43:38:,71141.5325
2024-06-07 04:55:33:,71262.7907
2024-06-07 05:18:57:,71246.2817
2024-06-07 05:33:07:,71329.5361
2024-06-07 05:45:13:,71407.6482
2024-06-07 05:57:10:,71328.7789
2024-06-07 06:28:49:,71280.1675
2024-06-07 06:42:43:,71222.4128
2024-06-07 06:54:40:,71282.8464
2024-06-07 07:16:13:,71198.934
2024-06-07 07:28:01:,71231.918
2024-06-07 07:40:01:,71127.948
2024-06-07 07:52:15:,71080.3864
2024-06-07 08:16:33:,71070.794
2024-06-07 08:32:44:,71173.1883
2024-06-07 08:44:47:,71136.8466
2024-06-07 08:56:57:,71140.6209
2024-06-07 09:21:22:,71116.4245
2024-06-07 09:34:22:,71160.1921
2024-06-07 09:46:30:,71159.0322
2024-06-07 09:58:49:,71252.0745
2024-06-07 10:24:11:,71266.8143
2024-06-07 10:38:25:,71232.8047
2024-06-07 10:50:27:,71312.3738
2024-06-07 11:09:24:,71379.5491
2024-06-07 11:23:30:,71317.0564
2024-06-07 11:35:39:,71504.8724
2024-06-07 11:48:01:,71545.4926
2024-06-07 12:00:12:,71637.9147
2024-06-07 12:40:32:,71042.6662
2024-06-07 13:00:24:,71489.9867
2024-06-07 13:25:42:,71633.7205
2024-06-07 13:38:04:,71289.3751
2024-06-07 13:50:00:,71496.3683
2024-06-07 14:09:39:,71413.0321
2024-06-07 14:29:00:,71298.1014
2024-06-07 14:41:07:,71374.4186
2024-06-07 14:53:18:,71390.6056
2024-06-07 15:16:10:,71238.4863
2024-06-07 15:30:08:,71065.4461
2024-06-07 15:42:18:,70939.8618
2024-06-07 15:54:26:,71096.5297
2024-06-07 16:19:40:,71133.5381
2024-06-07 16:38:53:,70978.8904
2024-06-07 16:50:46:,70893.1524
2024-06-07 17:09:21:,70724.4848
2024-06-07 17:27:30:,70419.8045
2024-06-07 17:52:11:,70305.2942
2024-06-07 18:17:29:,68907.0013
2024-06-07 18:36:07:,69269.2828
2024-06-07 18:48:07:,69191.8401
2024-06-07 19:00:01:,69131.5228
2024-06-07 19:19:18:,68952.4105
2024-06-07 19:31:54:,69255.5815
2024-06-07 19:43:55:,69476.8111
2024-06-07 19:56:00:,69324.7305
2024-06-07 20:19:49:,69167.7413
2024-06-07 20:32:34:,69077.375
2024-06-07 20:45:00:,69261.5474
2024-06-07 20:57:21:,69354.1157
2024-06-07 21:21:17:,69314.7457
2024-06-07 21:33:54:,69424.3637
2024-06-07 21:46:06:,69365.5609
2024-06-07 21:58:27:,69348.007
2024-06-07 22:21:38:,69455.9901
2024-06-07 22:35:01:,69453.3047
2024-06-07 22:47:21:,69480.7609
2024-06-07 22:59:31:,69586.0105
2024-06-07 23:22:08:,69532.1336
2024-06-07 23:34:52:,69480.4044
2024-06-07 23:47:03:,69457.7045
2024-06-07 23:59:08:,69484.1451
2024-06-08 01:32:17:,69523.7361
2024-06-08 02:19:41:,69540.3284
2024-06-08 02:42:05:,69541.1219
2024-06-08 02:54:24:,69542.9823
2024-06-08 03:17:41:,69581.7168
2024-06-08 03:30:18:,69609.6874
2024-06-08 03:42:42:,69629.6391
2024-06-08 03:55:08:,69583.04
2024-06-08 04:21:26:,69501.4191
2024-06-08 04:35:35:,69448.8385
2024-06-08 04:47:39:,69460.4633
2024-06-08 04:59:47:,69432.0401
2024-06-08 05:22:09:,69427.3811
2024-06-08 05:34:43:,69418.0615
2024-06-08 05:46:52:,69396.6263
2024-06-08 05:58:52:,69432.1933
2024-06-08 06:26:46:,69501.7145
2024-06-08 06:40:24:,69517.4433
2024-06-08 06:52:47:,69501.2623
2024-06-08 07:13:21:,69506.9921
2024-06-08 07:25:29:,69603.6287
2024-06-08 07:37:28:,69621.7855
2024-06-08 07:49:32:,69644.8827
2024-06-08 08:09:12:,69585.5645
2024-06-08 08:27:30:,69543.5422
2024-06-08 08:39:40:,69536.429
2024-06-08 08:51:37:,69561.485
2024-06-08 09:13:11:,69543.735
2024-06-08 09:27:44:,69554.9874
2024-06-08 09:39:55:,69563.9381
2024-06-08 09:52:09:,69549.3587
2024-06-08 10:12:49:,69501.8283
2024-06-08 10:30:57:,69494.5997
2024-06-08 10:42:53:,69489.1156
2024-06-08 10:55:11:,69594.7709
2024-06-08 11:14:54:,69628.718
2024-06-08 11:26:49:,69617.1713
2024-06-08 11:39:07:,69580.5503
2024-06-08 11:51:22:,69467.2045
2024-06-08 12:18:26:,69521.5845
2024-06-08 12:45:25:,69405.6365
2024-06-08 12:59:59:,69457.377
2024-06-08 13:21:46:,69405.7676
2024-06-08 13:35:29:,69398.7479
2024-06-08 13:47:27:,69504.7257
2024-06-08 13:59:45:,69550.9341
2024-06-08 14:21:39:,69455.2975
2024-06-08 14:34:23:,69501.6652
2024-06-08 14:46:22:,69551.4331
2024-06-08 14:58:41:,69601.2244
2024-06-08 15:21:19:,69607.1902
2024-06-08 15:34:32:,69613.8452
2024-06-08 15:46:46:,69594.9834
2024-06-08 15:58:40:,69580.5239
2024-06-08 16:26:03:,69497.5142
2024-06-08 16:41:19:,69533.3677
2024-06-08 16:53:22:,69534.3527
2024-06-08 17:12:51:,69586.202
2024-06-08 17:27:41:,69579.9192
2024-06-08 17:39:53:,69583.1278
2024-06-08 17:52:01:,69603.58
2024-06-08 18:14:52:,69632.5271
2024-06-08 18:31:35:,69596.6803
2024-06-08 18:43:50:,69599.6543
2024-06-08 18:56:07:,69609.4095
2024-06-08 19:15:31:,69634.4732
2024-06-08 19:27:36:,69641.9488
2024-06-08 19:39:45:,69612.3003
2024-06-08 19:52:01:,69651.6764
2024-06-08 20:11:36:,69641.5961
2024-06-08 20:24:49:,69626.6132
2024-06-08 20:37:16:,69490.6387
2024-06-08 20:49:36:,69538.7757
2024-06-08 21:06:37:,69522.9734
2024-06-08 21:21:47:,69494.1409
2024-06-08 21:34:57:,69509.2622
2024-06-08 21:47:20:,69511.7448
2024-06-08 21:59:26:,69540.6999
2024-06-08 22:22:07:,69475.2289
2024-06-08 22:35:20:,69459.4608
2024-06-08 22:47:21:,69439.8924
2024-06-08 22:59:17:,69463.7125
2024-06-08 23:23:26:,69452.4304
2024-06-08 23:36:21:,69440.9896
2024-06-08 23:48:40:,69452.0011
2024-06-09 00:34:34:,69414.4937
2024-06-09 01:50:33:,69429.1245
2024-06-09 02:29:49:,69357.7546
2024-06-09 02:49:31:,69365.0719
2024-06-09 03:09:01:,69332.4763
2024-06-09 03:28:06:,69319.8741
2024-06-09 03:40:04:,69353.4839
2024-06-09 03:52:26:,69387.3228
2024-06-09 04:15:42:,69377.2501
2024-06-09 04:31:33:,69401.9198
2024-06-09 04:43:41:,69402.8347
2024-06-09 04:55:52:,69379.0671
2024-06-09 05:17:55:,69357.9504
2024-06-09 05:30:29:,69410.7095
2024-06-09 05:42:36:,69425.3395
2024-06-09 05:54:52:,69431.6236
2024-06-09 06:23:01:,69460.9409
2024-06-09 06:38:30:,69444.6204
2024-06-09 06:50:42:,69459.4695
2024-06-09 07:09:39:,69529.2725
2024-06-09 07:23:15:,69502.3981
2024-06-09 07:35:25:,69491.8813
2024-06-09 07:47:24:,69457.1674
2024-06-09 07:59:35:,69404.4156
2024-06-09 08:23:56:,69433.4206
2024-06-09 08:36:23:,69474.6307
2024-06-09 08:48:44:,69480.8486
2024-06-09 09:07:13:,69491.7186
2024-06-09 09:24:51:,69496.944
2024-06-09 09:38:52:,69489.5999
2024-06-09 09:50:41:,69538.5046
2024-06-09 10:09:09:,69483.3804
2024-06-09 10:28:44:,69478.9639
2024-06-09 10:40:51:,69494.8674
2024-06-09 10:53:02:,69498.015
2024-06-09 11:11:03:,69497.5373
2024-06-09 11:23:09:,69487.796
2024-06-09 11:37:30:,69508.0797
2024-06-09 11:49:30:,69510.9198
2024-06-09 12:13:45:,69498.0866
2024-06-09 12:44:20:,69626.3515
2024-06-09 12:59:48:,69827.8585
2024-06-09 13:23:04:,69604.9239
2024-06-09 13:36:21:,69502.8914
2024-06-09 13:48:06:,69580.5053
2024-06-09 14:00:02:,69591.1296
2024-06-09 14:21:06:,69635.6124
2024-06-09 14:33:53:,69498.3467
2024-06-09 14:45:59:,69581.3006
2024-06-09 14:58:14:,69630.3583
2024-06-09 15:20:14:,69696.0935
2024-06-09 15:34:01:,69661.4243
2024-06-09 15:46:03:,69630.192
2024-06-09 15:58:13:,69666.7405
2024-06-09 16:23:56:,69708.981
2024-06-09 16:37:49:,69711.3593
2024-06-09 16:49:48:,69683.9157
2024-06-09 17:08:18:,69739.5182
2024-06-09 17:26:54:,69714.6102
2024-06-09 17:39:05:,69688.8567
2024-06-09 17:51:21:,69746.6454
2024-06-09 18:13:24:,69850.9858
2024-06-09 18:30:58:,69908.2722
2024-06-09 18:43:09:,69822.5703
2024-06-09 18:55:22:,69835.9377
2024-06-09 19:15:04:,69909.5062
2024-06-09 19:27:11:,69905.8848
2024-06-09 19:39:19:,69894.0209
2024-06-09 19:51:25:,69823.7905
2024-06-09 20:12:26:,69768.5174
2024-06-09 20:29:29:,69800.278
2024-06-09 20:41:48:,69668.2271
2024-06-09 20:53:59:,69752.9549
2024-06-09 21:14:49:,69807.2571
2024-06-09 21:26:49:,69834.7982
2024-06-09 21:38:58:,69637.2329
2024-06-09 21:51:13:,69802.3531
2024-06-09 22:10:35:,69745.0759
2024-06-09 22:29:18:,69716.0417
2024-06-09 22:41:36:,69667.433
2024-06-09 22:53:49:,69654.3407
2024-06-09 23:15:03:,69614.3047
2024-06-09 23:27:04:,69666.4441
2024-06-09 23:39:04:,69673.6613
2024-06-09 23:51:15:,69679.1522
2024-06-10 00:52:45:,69480.668
2024-06-10 02:00:59:,69657.5658
2024-06-10 02:38:35:,69830.3583
2024-06-10 02:51:34:,69770.6321
2024-06-10 03:13:03:,69738.1121
2024-06-10 03:30:25:,69799.221
2024-06-10 03:42:37:,69721.9588
2024-06-10 03:54:47:,69657.2222
2024-06-10 04:22:58:,69669.2603
2024-06-10 04:39:00:,69688.2042
2024-06-10 04:51:06:,69658.1878
2024-06-10 05:11:01:,69646.1237
2024-06-10 05:29:27:,69581.1147
2024-06-10 05:41:45:,69602.4517
2024-06-10 05:54:08:,69568.0674
2024-06-10 06:23:43:,69598.1974
2024-06-10 06:40:51:,69475.9848
2024-06-10 06:53:19:,69403.152
2024-06-10 07:14:38:,69389.278
2024-06-10 07:26:16:,69453.1121
2024-06-10 07:38:28:,69345.1947
2024-06-10 07:50:30:,69284.3088
2024-06-10 08:13:35:,69340.697
2024-06-10 08:32:41:,69473.2581
2024-06-10 08:44:46:,69504.0947
2024-06-10 08:56:59:,69471.3754
2024-06-10 09:23:31:,69353.0663
2024-06-10 09:36:56:,69358.2509
2024-06-10 09:49:10:,69448.9442
2024-06-10 10:07:52:,69510.8266
2024-06-10 10:30:39:,69444.7362
2024-06-10 10:42:50:,69406.3651
2024-06-10 10:55:02:,69449.1789
2024-06-10 11:15:30:,69388.2421
2024-06-10 11:27:48:,69380.6614
2024-06-10 11:39:50:,69415.674
2024-06-10 11:52:06:,69455.8528
2024-06-10 12:23:43:,69377.7648
2024-06-10 12:53:07:,69498.2952
2024-06-10 13:17:32:,69352.2378
2024-06-10 13:30:46:,69383.4939
2024-06-10 13:42:44:,69481.4909
2024-06-10 13:54:51:,69386.4109
2024-06-10 14:18:20:,69365.6893
2024-06-10 14:33:46:,69473.6012
2024-06-10 14:46:07:,69592.9242
2024-06-10 14:58:09:,69637.5438
2024-06-10 15:23:42:,69889.0036
2024-06-10 15:36:06:,69949.3914
2024-06-10 15:48:32:,70032.5701
2024-06-10 16:07:49:,69831.2423
2024-06-10 16:31:31:,69736.1035
2024-06-10 16:43:54:,69955.3189
2024-06-10 16:56:09:,69988.3489
2024-06-10 17:18:08:,69813.464
2024-06-10 17:30:19:,69838.9462
2024-06-10 17:42:31:,69845.201
2024-06-10 17:54:46:,69959.8383
2024-06-10 18:22:59:,69929.8397
2024-06-10 18:38:22:,69842.8051
2024-06-10 18:50:19:,69911.3135
2024-06-10 19:08:03:,69602.3727
2024-06-10 19:20:37:,69621.3835
2024-06-10 19:33:04:,69733.1492
2024-06-10 19:45:08:,69688.6354
2024-06-10 19:57:31:,69395.2253
2024-06-10 20:21:10:,69471.4083
2024-06-10 20:34:07:,69623.3561
2024-06-10 20:46:28:,69682.0245
2024-06-10 20:58:26:,69651.4424
2024-06-10 21:20:49:,69625.8806
2024-06-10 21:34:39:,69577.0102
2024-06-10 21:46:33:,69613.8735
2024-06-10 21:58:44:,69607.3906
2024-06-10 22:22:46:,69541.9885
2024-06-10 22:36:35:,69480.356
2024-06-10 22:48:34:,69460.3851
2024-06-10 23:03:36:,69521.5735
2024-06-10 23:22:50:,69456.2016
2024-06-10 23:35:46:,69451.547
2024-06-10 23:47:53:,69502.9842
2024-06-10 23:59:58:,69553.0426
2024-06-11 01:34:55:,69432.6614
2024-06-11 02:22:09:,68128.366
2024-06-11 02:44:26:,68096.3078
2024-06-11 02:56:38:,68248.2078
2024-06-11 03:22:35:,68225.9182
2024-06-11 03:35:45:,68448.302
2024-06-11 03:47:43:,68389.1699
2024-06-11 04:00:03:,68468.1637
2024-06-11 04:26:34:,67952.6696
2024-06-11 04:41:14:,67970.8721
2024-06-11 04:53:29:,68081.5009
2024-06-11 05:15:44:,67938.8691
2024-06-11 05:31:30:,67883.8118
2024-06-11 05:43:31:,67805.15
2024-06-11 05:55:41:,67807.6658
2024-06-11 06:26:01:,67674.6343
2024-06-11 06:41:41:,67736.8587
2024-06-11 06:53:59:,67624.5332
2024-06-11 07:15:12:,67825.7931
2024-06-11 07:27:22:,67833.7236
2024-06-11 07:39:28:,67731.6173
2024-06-11 07:51:27:,67623.6031
2024-06-11 08:15:01:,67406.5182
2024-06-11 08:32:51:,67548.3731
2024-06-11 08:44:49:,67651.4187
2024-06-11 08:57:06:,67630.5336
2024-06-11 09:23:13:,67500.5063
2024-06-11 09:35:52:,67377.733
2024-06-11 09:48:13:,67200.7319
2024-06-11 10:00:29:,67119.0162
2024-06-11 10:26:36:,67313.3073
2024-06-11 10:40:15:,67296.107
2024-06-11 10:52:12:,67175.2388
2024-06-11 11:11:35:,66971.3247
2024-06-11 11:24:27:,67110.7543
2024-06-11 11:36:48:,66869.2168
2024-06-11 11:48:57:,67058.3337
2024-06-11 12:12:56:,67170.1624
2024-06-11 12:47:07:,67084.2536
2024-06-11 13:08:52:,67158.3676
2024-06-11 13:27:27:,67238.8788
2024-06-11 13:39:28:,67212.3087
2024-06-11 13:51:37:,67022.6494
2024-06-11 14:11:11:,66922.9292
2024-06-11 14:29:23:,66991.3958
2024-06-11 14:41:36:,67051.4251
2024-06-11 14:53:43:,67000.0356
2024-06-11 15:16:15:,67059.6473
2024-06-11 15:29:46:,66868.0654
2024-06-11 15:42:02:,66511.7954
2024-06-11 15:53:58:,66350.4657
2024-06-11 16:20:01:,66483.6897
2024-06-11 16:38:28:,66635.5875
2024-06-11 16:50:33:,66624.9191
2024-06-11 17:09:52:,66494.7145
2024-06-11 17:29:41:,66286.3631
2024-06-11 17:41:39:,66538.3573
2024-06-11 17:53:57:,66680.7943
2024-06-11 18:21:52:,66986.4707
2024-06-11 18:38:08:,67143.1466
2024-06-11 18:50:13:,67180.5721
2024-06-11 19:07:55:,67257.3893
2024-06-11 19:21:00:,67122.648
2024-06-11 19:34:42:,67249.4593
2024-06-11 19:46:43:,67426.1844
2024-06-11 19:58:52:,67538.4266
2024-06-11 20:21:35:,67405.2321
2024-06-11 20:36:12:,67344.0323
2024-06-11 20:48:21:,67293.3956
2024-06-11 21:00:39:,67353.3682
2024-06-11 21:20:11:,67358.5962
2024-06-11 21:32:44:,67265.487
2024-06-11 21:44:46:,67382.3648
2024-06-11 21:57:00:,67422.5336
2024-06-11 22:19:29:,67584.2553
2024-06-11 22:31:55:,67412.712
2024-06-11 22:43:59:,67379.9128
2024-06-11 22:56:28:,67446.3321
2024-06-11 23:19:15:,67510.2775
2024-06-11 23:31:39:,67435.4674
2024-06-11 23:43:35:,67426.3276
2024-06-11 23:55:32:,67376.5532
2024-06-12 01:21:37:,67141.0512
2024-06-12 02:12:15:,67430.5254
2024-06-12 02:41:55:,67403.4911
2024-06-12 02:54:15:,67428.9201
2024-06-12 03:18:27:,67486.309
2024-06-12 03:32:43:,67431.0133
2024-06-12 03:44:46:,67447.1554
2024-06-12 03:56:58:,67482.118
2024-06-12 04:24:10:,67524.881
2024-06-12 04:38:08:,67631.9701
2024-06-12 04:50:11:,67567.1801
2024-06-12 05:09:03:,67413.9288
2024-06-12 05:28:21:,67445.3048
2024-06-12 05:40:22:,67348.1305
2024-06-12 05:52:39:,67306.0902
2024-06-12 06:18:31:,67368.1293
2024-06-12 06:36:33:,67367.7534
2024-06-12 06:48:45:,67353.9519
2024-06-12 07:06:33:,67317.7646
2024-06-12 07:22:51:,67481.9202
2024-06-12 07:36:02:,67394.2965
2024-06-12 07:47:56:,67418.5941
2024-06-12 07:59:53:,67491.3075
2024-06-12 08:26:17:,67482.5081
2024-06-12 08:41:00:,67428.9099
2024-06-12 08:53:12:,67430.4212
2024-06-12 09:15:35:,67484.2931
2024-06-12 09:29:02:,67468.0842
2024-06-12 09:41:12:,67544.3037
2024-06-12 09:53:17:,67625.7516
2024-06-12 10:15:33:,67975.9386
2024-06-12 10:32:36:,67886.8176
2024-06-12 10:44:49:,67935.2698
2024-06-12 10:56:53:,68027.7792
2024-06-12 11:19:01:,67956.2327
2024-06-12 11:30:59:,67858.5271
2024-06-12 11:43:07:,67858.2433
2024-06-12 11:55:26:,67805.9207
2024-06-12 12:35:10:,69094.4539
2024-06-12 12:57:30:,69105.6919
2024-06-12 13:23:05:,69097.0533
2024-06-12 13:35:49:,69465.2295
2024-06-12 13:47:42:,69532.2394
2024-06-12 14:00:00:,69370.1743
2024-06-12 14:22:04:,69819.9878
2024-06-12 14:35:10:,70083.227
2024-06-12 14:47:36:,69854.3295
2024-06-12 14:59:56:,70057.28
2024-06-12 15:21:41:,69990.0493
2024-06-12 15:35:39:,69901.968
2024-06-12 15:47:30:,69703.8714
2024-06-12 15:59:40:,69839.0374
2024-06-12 16:27:17:,69628.7365
2024-06-12 16:42:30:,69600.8878
2024-06-12 16:54:44:,69688.1526
2024-06-12 17:15:21:,69654.4031
2024-06-12 17:29:18:,69688.1274
2024-06-12 17:41:32:,69789.1931
2024-06-12 17:53:29:,69884.6824
2024-06-12 18:20:02:,69574.8266
2024-06-12 18:36:34:,69056.9039
2024-06-12 18:48:56:,69048.0112
2024-06-12 19:06:43:,69113.8651
2024-06-12 19:20:19:,69358.7102
2024-06-12 19:32:52:,68534.4416
2024-06-12 19:44:48:,68174.9874
2024-06-12 19:57:04:,67475.461
2024-06-12 20:22:09:,67913.9479
2024-06-12 20:34:44:,68125.4007
2024-06-12 20:47:02:,68316.1306
2024-06-12 20:59:16:,68213.4818
2024-06-12 21:20:24:,68305.0187
2024-06-12 21:33:31:,68438.3755
2024-06-12 21:45:37:,68649.7016
2024-06-12 21:57:38:,68580.6036
2024-06-12 22:20:47:,68403.5845
2024-06-12 22:34:28:,68336.885
2024-06-12 22:46:51:,68331.4662
2024-06-12 22:58:50:,68364.4617
2024-06-12 23:20:21:,68207.8535
2024-06-12 23:33:43:,68240.9955
2024-06-12 23:46:04:,68254.6452
2024-06-12 23:58:16:,68261.5051
2024-06-13 01:33:02:,68142.6952
2024-06-13 02:21:19:,68118.971
2024-06-13 02:44:13:,67917.8608
2024-06-13 02:56:11:,67788.4198
2024-06-13 03:22:06:,67734.3921
2024-06-13 03:35:35:,67318.5037
2024-06-13 03:47:51:,67319.2405
2024-06-13 03:59:49:,67513.4608
2024-06-13 04:25:34:,67711.2761
2024-06-13 04:39:41:,67572.6224
2024-06-13 04:51:49:,67515.3171
2024-06-13 05:12:54:,67579.9273
2024-06-13 05:30:38:,67622.9689
2024-06-13 05:42:48:,67663.3275
2024-06-13 05:55:12:,67629.5489
2024-06-13 06:24:53:,67516.217
2024-06-13 06:41:15:,67483.7216
2024-06-13 06:53:25:,67630.9952
2024-06-13 07:13:48:,67641.7305
2024-06-13 07:25:45:,67721.3616
2024-06-13 07:38:22:,67727.6066
2024-06-13 07:50:32:,67721.7288
2024-06-13 08:12:45:,67757.064
2024-06-13 08:31:18:,67724.4454
2024-06-13 08:43:32:,67772.5597
2024-06-13 08:55:39:,67756.7965
2024-06-13 09:20:54:,67571.8545
2024-06-13 09:34:02:,67407.2412
2024-06-13 09:46:12:,67323.9839
2024-06-13 09:58:06:,67487.5325
2024-06-13 10:22:46:,67456.7386
2024-06-13 10:36:42:,67448.7812
2024-06-13 10:49:14:,67705.2415
2024-06-13 11:07:08:,67938.9064
2024-06-13 11:21:56:,68028.4344
2024-06-13 11:34:49:,67963.0813
2024-06-13 11:46:47:,67896.5653
2024-06-13 11:59:06:,67830.0895
2024-06-13 12:39:17:,67872.7109
2024-06-13 12:59:24:,67694.1842
2024-06-13 13:24:02:,67859.7628
2024-06-13 13:36:24:,68134.1951
2024-06-13 13:48:34:,67978.0619
2024-06-13 14:02:05:,67690.9098
2024-06-13 14:25:24:,67472.2517
2024-06-13 14:38:08:,67676.7299
2024-06-13 14:50:14:,67718.8083
2024-06-13 15:09:32:,67544.7293
2024-06-13 15:27:12:,67139.3879
2024-06-13 15:39:28:,66786.8603
2024-06-13 15:51:42:,66669.9704
2024-06-13 16:16:08:,66830.6802
2024-06-13 16:38:07:,66716.6149
2024-06-13 16:50:03:,66987.0025
2024-06-13 17:08:10:,67045.0122
2024-06-13 17:26:56:,66893.4383
2024-06-13 17:39:15:,66807.2647
2024-06-13 17:51:42:,66884.7414
2024-06-13 18:15:49:,66966.4916
2024-06-13 18:35:15:,66879.1342
2024-06-13 18:47:21:,66884.3487
2024-06-13 18:59:18:,66907.7406
2024-06-13 19:17:14:,66751.4592
2024-06-13 19:29:20:,66873.3509
2024-06-13 19:41:40:,66751.6568
2024-06-13 19:53:54:,66752.7692
2024-06-13 20:16:39:,66730.7162
2024-06-13 20:30:40:,66725.5956
2024-06-13 20:42:39:,66616.3103
2024-06-13 20:54:38:,66675.3901
2024-06-13 21:17:00:,66798.8968
2024-06-13 21:28:52:,66737.3665
2024-06-13 21:40:59:,66870.868
2024-06-13 21:53:09:,66972.0301
2024-06-13 22:13:54:,66949.7398
2024-06-13 22:30:17:,66919.6135
2024-06-13 22:42:22:,66971.4317
2024-06-13 22:54:21:,66918.7456
2024-06-13 23:16:21:,66749.121
2024-06-13 23:28:19:,66887.1966
2024-06-13 23:40:31:,66825.7487
2024-06-13 23:52:46:,66833.0258
2024-06-14 01:01:06:,66712.6175
2024-06-14 02:05:27:,66766.1405
2024-06-14 02:38:27:,66811.6993
2024-06-14 02:50:25:,66829.9973
2024-06-14 03:10:38:,66747.7686
2024-06-14 03:29:14:,66713.023
2024-06-14 03:41:25:,66703.7487
2024-06-14 03:53:23:,66749.004
2024-06-14 04:17:53:,66815.6157
2024-06-14 04:33:26:,66792.5408
2024-06-14 04:45:36:,66750.6346
2024-06-14 04:57:57:,66743.0022
2024-06-14 05:20:59:,66797.6951
2024-06-14 05:34:26:,66935.9077
2024-06-14 05:46:39:,67159.5282
2024-06-14 05:59:00:,67110.6568
2024-06-14 06:29:16:,67009.8781
2024-06-14 06:42:50:,67010.5034
2024-06-14 06:55:03:,67030.7805
2024-06-14 07:17:10:,67099.5888
2024-06-14 07:29:33:,67021.0936
2024-06-14 07:41:31:,67007.8826
2024-06-14 07:53:42:,67130.4664
2024-06-14 08:18:44:,67251.5249
2024-06-14 08:33:17:,67144.245
2024-06-14 08:45:41:,67197.2555
2024-06-14 08:57:51:,67202.3906
2024-06-14 09:22:09:,67138.5576
2024-06-14 09:35:02:,67066.7746
2024-06-14 09:47:28:,66999.0071
2024-06-14 09:59:24:,66944.8271
2024-06-14 10:24:02:,66935.2275
2024-06-14 10:37:23:,66881.936
2024-06-14 10:49:26:,66866.3953
2024-06-14 11:06:34:,66902.6921
2024-06-14 11:21:04:,66893.6247
2024-06-14 11:34:05:,67075.5538
2024-06-14 11:46:24:,67046.0381
2024-06-14 11:58:31:,67060.6576
2024-06-14 12:39:23:,67200.5619
2024-06-14 12:59:37:,67156.0874
2024-06-14 13:24:11:,67330.7453
2024-06-14 13:36:45:,67279.6969
2024-06-14 13:48:58:,67237.3852
2024-06-14 14:08:16:,67174.8544
2024-06-14 14:28:37:,66701.5923
2024-06-14 14:40:35:,66801.7623
2024-06-14 14:52:39:,66883.67
2024-06-14 15:15:23:,66786.1902
2024-06-14 15:30:32:,66854.0269
2024-06-14 15:42:35:,66760.9504
2024-06-14 15:54:56:,66407.9498
2024-06-14 16:21:14:,65947.1035
2024-06-14 16:37:32:,65481.3206
2024-06-14 16:49:32:,65441.2998
2024-06-14 17:07:49:,65182.428
2024-06-14 17:29:32:,65514.4132
2024-06-14 17:41:29:,65715.8153
2024-06-14 17:53:31:,65470.074
2024-06-14 18:20:26:,65268.5307
2024-06-14 18:37:30:,65387.3289
2024-06-14 18:49:41:,65401.8614
2024-06-14 19:06:43:,65540.1562
2024-06-14 19:19:53:,65368.0779
2024-06-14 19:32:22:,65589.5413
2024-06-14 19:44:42:,65474.3157
2024-06-14 19:56:56:,65552.818
2024-06-14 20:20:56:,65692.0285
2024-06-14 20:35:20:,65886.4698
2024-06-14 20:47:46:,65781.3995
2024-06-14 20:59:55:,65824.294
2024-06-14 21:21:31:,65933.4277
2024-06-14 21:35:31:,66276.4924
2024-06-14 21:47:39:,66220.1426
2024-06-14 21:59:36:,66222.6351
2024-06-14 22:22:46:,66076.0834
2024-06-14 22:35:35:,66100.1756
2024-06-14 22:47:34:,66126.7643
2024-06-14 22:59:43:,66145.4451
2024-06-14 23:21:19:,66074.2729
2024-06-14 23:35:43:,66183.8778
2024-06-14 23:47:46:,66198.9898
2024-06-14 23:59:45:,66184.9681
2024-06-15 01:33:36:,66265.8796
2024-06-15 02:20:28:,66288.2192
2024-06-15 02:42:38:,66372.9593
2024-06-15 02:54:56:,66345.1814
2024-06-15 03:18:55:,66336.1068
2024-06-15 03:31:39:,66372.8174
2024-06-15 03:43:37:,66357.1088
2024-06-15 03:56:07:,66369.9856
2024-06-15 04:24:05:,66411.6796
2024-06-15 04:39:44:,66372.3615
2024-06-15 04:51:37:,66400.115
2024-06-15 05:11:42:,66419.1895
2024-06-15 05:29:28:,66488.4306
2024-06-15 05:41:50:,66399.5448
2024-06-15 05:54:06:,66366.3697
2024-06-15 06:20:23:,66414.6841
2024-06-15 06:35:38:,66380.8847
2024-06-15 06:47:55:,66268.5851
2024-06-15 07:00:05:,66264.581
2024-06-15 07:21:18:,66294.4284
2024-06-15 07:33:55:,66216.9856
2024-06-15 07:45:57:,66199.7752
2024-06-15 07:58:09:,66172.717
2024-06-15 08:24:26:,66285.1443
2024-06-15 08:40:04:,66286.4683
2024-06-15 08:52:05:,66272.4255
2024-06-15 09:12:06:,66365.8028
2024-06-15 09:25:55:,66313.233
2024-06-15 09:38:14:,66230.8428
2024-06-15 09:50:09:,66299.5054
2024-06-15 10:09:44:,66311.2486
2024-06-15 10:30:05:,66303.8238
2024-06-15 10:42:03:,66371.5834
2024-06-15 10:54:02:,66395.3012
2024-06-15 11:12:59:,66425.9
2024-06-15 11:25:13:,66381.8467
2024-06-15 11:37:33:,66425.8313
2024-06-15 11:49:42:,66368.4099
2024-06-15 12:13:52:,66424.9905
2024-06-15 12:45:04:,66320.6192
2024-06-15 13:00:34:,66424.3022
2024-06-15 13:22:06:,66402.2389
2024-06-15 13:36:08:,66418.0845
2024-06-15 13:48:14:,66328.5028
2024-06-15 14:00:13:,66388.4289
2024-06-15 14:21:53:,66361.7007
2024-06-15 14:34:17:,66273.5576
2024-06-15 14:46:41:,66348.2978
2024-06-15 14:58:45:,66317.198
2024-06-15 15:21:43:,66540.2902
2024-06-15 15:34:18:,66390.4883
2024-06-15 15:46:25:,66384.3541
2024-06-15 15:58:39:,66386.5203
2024-06-15 16:25:46:,66340.7519
2024-06-15 16:40:14:,66335.5226
2024-06-15 16:52:21:,66299.8968
2024-06-15 17:11:37:,66304.3332
2024-06-15 17:27:25:,66342.5691
2024-06-15 17:39:22:,66347.414
2024-06-15 17:51:17:,66322.1288
2024-06-15 18:14:20:,66249.0055
2024-06-15 18:32:24:,66232.4936
2024-06-15 18:44:26:,66217.6932
2024-06-15 18:56:23:,66202.2348
2024-06-15 19:16:08:,66165.3433
2024-06-15 19:28:06:,66221.9721
2024-06-15 19:40:21:,66250.613
2024-06-15 19:52:34:,66235.3206
2024-06-15 20:13:54:,66177.1421
2024-06-15 20:28:58:,66068.9633
2024-06-15 20:41:06:,66210.8091
2024-06-15 20:53:19:,66132.9222
2024-06-15 21:13:39:,66184.2483
2024-06-15 21:25:35:,66186.864
2024-06-15 21:37:46:,66152.8324
2024-06-15 21:50:09:,66220.9231
2024-06-15 22:08:52:,66154.4163
2024-06-15 22:28:23:,66180.808
2024-06-15 22:40:23:,66146.87
2024-06-15 22:52:24:,66241.7017
2024-06-15 23:12:52:,66337.2732
2024-06-15 23:26:14:,66315.8689
2024-06-15 23:38:41:,66353.9477
2024-06-15 23:50:47:,66292.548
2024-06-16 00:51:16:,66287.018
2024-06-16 02:02:43:,66237.7563
2024-06-16 02:39:43:,66243.2104
2024-06-16 02:52:16:,66195.2315
2024-06-16 03:14:24:,66216.7177
2024-06-16 03:30:20:,66195.9396
2024-06-16 03:42:15:,66211.7817
2024-06-16 03:54:21:,66218.5039
2024-06-16 04:19:00:,66212.9919
2024-06-16 04:32:55:,66205.6807
2024-06-16 04:45:00:,66277.4572
2024-06-16 04:57:20:,66243.9601
2024-06-16 05:21:38:,66298.2778
2024-06-16 05:35:28:,66306.6356
2024-06-16 05:47:45:,66287.2621
2024-06-16 05:59:44:,66333.3501
2024-06-16 06:28:09:,66304.2221
2024-06-16 06:41:29:,66265.0549
2024-06-16 06:53:53:,66410.6854
2024-06-16 07:15:17:,66387.9717
2024-06-16 07:27:24:,66363.255
2024-06-16 07:39:34:,66351.848
2024-06-16 07:51:37:,66340.3653
2024-06-16 08:13:10:,66348.1709
2024-06-16 08:30:28:,66381.2063
2024-06-16 08:42:28:,66360.5665
2024-06-16 08:54:50:,66318.4989
2024-06-16 09:18:47:,66315.1434
2024-06-16 09:31:13:,66455.7731
2024-06-16 09:43:08:,66397.2091
2024-06-16 09:55:33:,66432.8967
2024-06-16 10:19:02:,66447.4011
2024-06-16 10:33:38:,66469.8441
2024-06-16 10:45:51:,66593.1894
2024-06-16 10:57:46:,66737.6704
2024-06-16 11:17:07:,66697.383
2024-06-16 11:29:15:,66631.4838
2024-06-16 11:41:11:,66652.5914
2024-06-16 11:53:34:,66522.0735
2024-06-16 12:27:17:,66657.3171
2024-06-16 12:52:22:,66606.1432
2024-06-16 13:13:15:,66722.9128
2024-06-16 13:26:44:,66754.2084
2024-06-16 13:38:52:,66652.9555
2024-06-16 13:51:02:,66749.2391
2024-06-16 14:09:08:,66851.076
2024-06-16 14:26:42:,66746.5824
2024-06-16 14:38:42:,66656.375
2024-06-16 14:50:59:,66686.5769
2024-06-16 15:10:33:,66662.4078
2024-06-16 15:27:20:,66661.6622
2024-06-16 15:39:18:,66700.7571
2024-06-16 15:51:29:,66720.1909
2024-06-16 16:12:16:,66716.0797
2024-06-16 16:32:40:,66676.1618
2024-06-16 16:44:31:,66642.7827
2024-06-16 16:56:44:,66664.9389
2024-06-16 17:17:15:,66706.34
2024-06-16 17:29:23:,66680.5239
2024-06-16 17:41:34:,66609.69
2024-06-16 17:53:45:,66617.5757
2024-06-16 18:20:11:,66654.9013
2024-06-16 18:35:47:,66696.27
2024-06-16 18:48:09:,66677.3682
2024-06-16 19:00:09:,66651.3998
2024-06-16 19:18:03:,66668.3799
2024-06-16 19:30:14:,66654.1573
2024-06-16 19:42:33:,66599.2547
2024-06-16 19:54:49:,66611.7091
2024-06-16 20:17:22:,66549.0568
2024-06-16 20:29:18:,66641.9057
2024-06-16 20:41:28:,66512.1988
2024-06-16 20:53:50:,66444.9274
2024-06-16 21:16:20:,66478.8056
2024-06-16 21:28:35:,66477.2296
2024-06-16 21:40:49:,66495.4827
2024-06-16 21:53:13:,66494.8539
2024-06-16 22:14:32:,66694.8945
2024-06-16 22:31:39:,66706.7429
2024-06-16 22:43:42:,66637.1367
2024-06-16 22:55:50:,66729.991
2024-06-16 23:21:48:,66637.5529
2024-06-16 23:34:28:,66645.9953
2024-06-16 23:46:52:,66656.6746
2024-06-16 23:59:06:,66662.0642
2024-06-17 01:37:13:,66437.0515
2024-06-17 02:25:57:,66287.7675
2024-06-17 02:49:35:,66327.7542
2024-06-17 03:10:08:,66352.1838
2024-06-17 03:29:57:,66306.9123
2024-06-17 03:42:11:,66249.9294
2024-06-17 03:54:21:,66255.9562
2024-06-17 04:20:58:,66281.8709
2024-06-17 04:37:43:,66350.6929
2024-06-17 04:49:54:,66344.8272
2024-06-17 05:11:01:,66463.5298
2024-06-17 05:31:58:,66514.2841
2024-06-17 05:44:09:,66440.1384
2024-06-17 05:56:26:,66315.7742
2024-06-17 06:29:28:,66338.5154
2024-06-17 06:43:35:,66255.2736
2024-06-17 06:55:42:,66119.1738
2024-06-17 07:17:58:,66062.1499
2024-06-17 07:30:38:,66321.9699
2024-06-17 07:44:08:,66178.1104
2024-06-17 07:56:37:,66259.1699
2024-06-17 08:22:19:,66165.3273
2024-06-17 08:38:00:,66016.3555
2024-06-17 08:50:10:,66176.7707
2024-06-17 09:10:07:,66195.4444
2024-06-17 09:27:40:,66146.2121
2024-06-17 09:39:50:,66106.4676
2024-06-17 09:52:16:,65997.9064
2024-06-17 10:14:54:,65782.9544
2024-06-17 10:34:21:,65688.717
2024-06-17 10:46:38:,65905.6591
2024-06-17 10:58:45:,65857.9868
2024-06-17 11:17:43:,65926.5997
2024-06-17 11:29:45:,65945.2375
2024-06-17 11:41:58:,65813.9588
2024-06-17 11:53:57:,65775.2839
2024-06-17 12:30:35:,65657.7724
2024-06-17 12:56:15:,65598.8344
2024-06-17 13:23:07:,65701.0911
2024-06-17 13:35:51:,65376.416
2024-06-17 13:47:58:,65406.5559
2024-06-17 14:00:16:,65189.1734
2024-06-17 14:23:44:,65456.2078
2024-06-17 14:37:03:,65678.5294
2024-06-17 14:49:21:,65682.8234
2024-06-17 15:09:00:,65698.5969
2024-06-17 15:27:53:,65403.3282
2024-06-17 15:39:57:,65438.6737
2024-06-17 15:52:08:,65423.7854
2024-06-17 16:15:59:,65489.8982
2024-06-17 16:36:00:,65932.3584
2024-06-17 16:48:10:,66045.2141
2024-06-17 17:00:20:,65932.7453
2024-06-17 17:22:16:,66013.3173
2024-06-17 17:34:45:,66168.6659
2024-06-17 17:46:59:,66414.2254
2024-06-17 17:59:00:,66538.6139
2024-06-17 18:27:56:,66976.2997
2024-06-17 18:40:19:,67073.84
2024-06-17 18:52:26:,66928.3225
2024-06-17 19:10:09:,66722.8395
2024-06-17 19:22:22:,66758.7259
2024-06-17 19:36:13:,66832.3673
2024-06-17 19:48:18:,66764.4506
2024-06-17 20:00:31:,66706.3499
2024-06-17 20:20:15:,66460.342
2024-06-17 20:33:15:,66485.2344
2024-06-17 20:45:19:,66620.4947
2024-06-17 20:57:38:,66411.3765
2024-06-17 21:19:32:,66532.7913
2024-06-17 21:32:22:,66671.7096
2024-06-17 21:44:33:,66612.9768
2024-06-17 21:56:46:,66590.0735
2024-06-17 22:19:02:,66686.1616
2024-06-17 22:32:20:,66485.1294
2024-06-17 22:44:28:,66583.4263
2024-06-17 22:56:52:,66649.9651
2024-06-17 23:21:01:,66516.6459
2024-06-17 23:35:13:,66487.9954
2024-06-17 23:47:24:,66446.6565
2024-06-17 23:59:34:,66504.1314
2024-06-18 01:34:54:,65421.9775
2024-06-18 02:22:15:,65203.8456
2024-06-18 02:45:02:,65367.0793
2024-06-18 02:56:59:,65498.2368
2024-06-18 03:24:16:,65442.0197
2024-06-18 03:38:25:,65502.7123
2024-06-18 03:50:22:,65597.7993
2024-06-18 04:11:30:,65589.4988
2024-06-18 04:30:23:,65790.0894
2024-06-18 04:42:35:,65752.1619
2024-06-18 04:54:44:,65778.0648
2024-06-18 05:17:28:,65755.157
2024-06-18 05:32:09:,65768.1163
2024-06-18 05:44:32:,65816.9246
2024-06-18 05:56:29:,65640.1169
2024-06-18 06:27:57:,65633.3472
2024-06-18 06:42:13:,65591.2412
2024-06-18 06:54:33:,65482.1699
2024-06-18 07:15:55:,65604.2054
2024-06-18 07:27:52:,65661.1803
2024-06-18 07:40:02:,65695.0007
2024-06-18 07:52:12:,65779.5538
2024-06-18 08:17:07:,65734.7515
2024-06-18 08:34:25:,65698.3082
2024-06-18 08:46:54:,65788.2461
2024-06-18 08:58:57:,65810.2841
2024-06-18 09:23:00:,65658.7606
2024-06-18 09:35:53:,65654.6064
2024-06-18 09:48:11:,65658.8455
2024-06-18 10:00:21:,65540.5451
2024-06-18 10:25:52:,65514.5498
2024-06-18 10:39:26:,65572.7516
2024-06-18 10:51:24:,65512.9919
2024-06-18 11:10:14:,65530.0599
2024-06-18 11:23:21:,65302.6415
2024-06-18 11:36:07:,65246.4983
2024-06-18 11:48:20:,65415.0501
2024-06-18 12:00:28:,65451.9178
2024-06-18 12:40:18:,65206.3233
2024-06-18 13:00:26:,65285.1324
2024-06-18 13:25:05:,64929.1489
2024-06-18 13:37:17:,64823.0888
2024-06-18 13:49:20:,64905.1296
2024-06-18 14:07:12:,64643.286
2024-06-18 14:27:57:,65005.855
2024-06-18 14:39:49:,65430.6952
2024-06-18 14:51:57:,65188.8186
2024-06-18 15:12:36:,64574.0003
2024-06-18 15:28:32:,64669.6575
2024-06-18 15:40:44:,64786.4777
2024-06-18 15:53:00:,64921.1461
2024-06-18 16:18:10:,64519.8381
2024-06-18 16:37:10:,64608.7768
2024-06-18 16:49:19:,64470.4926
2024-06-18 17:07:03:,64672.2738
2024-06-18 17:29:09:,64556.7268
2024-06-18 17:41:14:,64770.4693
2024-06-18 17:53:12:,64719.3048
2024-06-18 18:19:45:,64824.01
2024-06-18 18:37:07:,64752.9803
2024-06-18 18:49:12:,64762.2799
2024-06-18 19:06:03:,64565.3869
2024-06-18 19:19:40:,64517.7483
2024-06-18 19:32:08:,64590.7785
2024-06-18 19:44:00:,64459.5142
2024-06-18 19:56:00:,64149.4814
2024-06-18 20:20:34:,64542.8042
2024-06-18 20:33:11:,64449.8138
2024-06-18 20:45:16:,64599.8234
2024-06-18 20:57:23:,64991.1806
2024-06-18 21:18:52:,65139.1984
2024-06-18 21:31:16:,64964.2585
2024-06-18 21:43:05:,65072.9964
2024-06-18 21:55:10:,65279.0038
2024-06-18 22:17:08:,65186.5793
2024-06-18 22:31:11:,65137.2426
2024-06-18 22:43:21:,65293.0474
2024-06-18 22:55:40:,65250.5043
2024-06-18 23:19:15:,65195.4341
2024-06-18 23:31:33:,65194.2352
2024-06-18 23:43:35:,65107.9107
2024-06-18 23:56:00:,65186.2455
2024-06-19 01:25:26:,65296.528
2024-06-19 02:21:16:,65323.333
2024-06-19 02:44:39:,65282.613
2024-06-19 02:57:01:,65387.2563
2024-06-19 03:22:57:,65389.7078
2024-06-19 03:36:12:,65442.688
2024-06-19 03:48:21:,65476.7629
2024-06-19 04:00:40:,65435.5109
2024-06-19 04:26:11:,65613.738
2024-06-19 04:39:53:,65541.5558
2024-06-19 04:52:18:,65497.4509
2024-06-19 05:13:00:,65494.9633
2024-06-19 05:32:24:,65535.5512
2024-06-19 05:44:31:,65507.0518
2024-06-19 05:56:41:,65552.7432
2024-06-19 06:27:49:,65512.9655
2024-06-19 06:41:56:,65600.9779
2024-06-19 06:53:52:,65631.3135
2024-06-19 07:14:35:,65588.339
2024-06-19 07:26:44:,65430.6224
2024-06-19 07:39:03:,65403.5624
2024-06-19 07:51:16:,65385.0829
2024-06-19 08:14:10:,65227.0298
2024-06-19 08:32:08:,65180.068
2024-06-19 08:44:08:,65214.0805
2024-06-19 08:56:06:,65219.4601
2024-06-19 09:24:50:,65143.7187
2024-06-19 09:38:05:,65160.7879
2024-06-19 09:50:12:,65221.729
2024-06-19 10:10:26:,65304.5563
2024-06-19 10:31:26:,65188.0673
2024-06-19 10:43:29:,65279.7142
2024-06-19 10:55:47:,65333.9506
2024-06-19 11:16:58:,65367.7016
2024-06-19 11:28:53:,65400.8248
2024-06-19 11:41:13:,65162.4342
2024-06-19 11:53:41:,65209.5303
2024-06-19 12:29:44:,65192.4916
2024-06-19 12:55:45:,65248.7489
2024-06-19 13:21:28:,65236.1957
2024-06-19 13:33:53:,65199.34
2024-06-19 13:46:21:,65237.5177
2024-06-19 13:58:09:,65156.3897
2024-06-19 14:20:08:,65028.0308
2024-06-19 14:33:21:,64906.5283
2024-06-19 14:45:28:,65011.0091
2024-06-19 14:57:48:,64956.3194
2024-06-19 15:22:38:,65089.2689
2024-06-19 15:35:12:,64948.8293
2024-06-19 15:47:29:,64948.2857
2024-06-19 15:59:40:,64961.0881
2024-06-19 16:26:29:,65046.8675
2024-06-19 16:42:36:,65124.9129
2024-06-19 16:54:55:,64971.2086
2024-06-19 17:17:33:,65171.0816
2024-06-19 17:31:42:,65183.0763
2024-06-19 17:44:08:,65126.6778
2024-06-19 17:56:27:,65130.0438
2024-06-19 18:26:57:,65196.9321
2024-06-19 18:41:15:,65094.41
2024-06-19 18:53:39:,65104.0911
2024-06-19 19:12:20:,65025.2289
2024-06-19 19:24:22:,64895.8313
2024-06-19 19:36:37:,64951.7555
2024-06-19 19:48:38:,64890.2922
2024-06-19 20:06:44:,64873.6883
2024-06-19 20:24:04:,64766.3856
2024-06-19 20:37:11:,64880.0709
2024-06-19 20:49:18:,64812.1133
2024-06-19 21:08:54:,64971.1248
2024-06-19 21:24:54:,65033.905
2024-06-19 21:37:18:,65117.8958
2024-06-19 21:49:41:,65067.9877
2024-06-19 22:08:21:,65002.5851
2024-06-19 22:27:51:,65005.6133
2024-06-19 22:40:09:,64998.1016
2024-06-19 22:52:27:,64942.6859
2024-06-19 23:13:13:,64928.9633
2024-06-19 23:27:01:,64928.3486
2024-06-19 23:40:05:,64873.5147
2024-06-19 23:52:24:,64946.0943
2024-06-20 00:57:50:,65085.9508
2024-06-20 02:01:50:,65162.5721
2024-06-20 02:35:57:,65237.114
2024-06-20 02:48:34:,65157.4394
2024-06-20 03:07:34:,65186.4051
2024-06-20 03:28:25:,65183.3133
2024-06-20 03:40:26:,65165.8867
2024-06-20 03:52:35:,65235.1315
2024-06-20 04:15:19:,65116.6507
2024-06-20 04:31:04:,65193.1265
2024-06-20 04:42:52:,65225.7744
2024-06-20 04:54:57:,65266.6157
2024-06-20 05:16:47:,65349.3152
2024-06-20 05:30:22:,65377.4765
2024-06-20 05:42:38:,65443.8126
2024-06-20 05:54:55:,65533.0961
2024-06-20 06:24:33:,65567.9076
2024-06-20 06:40:15:,65636.2645
2024-06-20 06:52:34:,65452.8345
2024-06-20 07:12:29:,65610.531
2024-06-20 07:24:40:,65924.202
2024-06-20 07:36:52:,65847.0923
2024-06-20 07:49:04:,65872.5814
2024-06-20 08:10:03:,65881.019
2024-06-20 08:30:19:,65844.6256
2024-06-20 08:42:27:,65691.7401
2024-06-20 08:54:44:,65734.235
2024-06-20 09:20:14:,65676.6027
2024-06-20 09:32:51:,65739.7989
2024-06-20 09:45:11:,65642.5953
2024-06-20 09:57:30:,65678.4965
2024-06-20 10:22:45:,65642.201
2024-06-20 10:36:42:,65802.26
2024-06-20 10:48:53:,65854.5736
2024-06-20 11:03:50:,66175.774
2024-06-20 11:19:27:,66359.4235
2024-06-20 11:32:09:,66488.2523
2024-06-20 11:44:10:,66215.3014
2024-06-20 11:56:27:,66208.5236
2024-06-20 12:37:41:,65958.7479
2024-06-20 12:58:03:,65953.2413
2024-06-20 13:23:15:,65393.9182
2024-06-20 13:36:19:,65288.2577
2024-06-20 13:48:15:,65450.9355
2024-06-20 14:00:25:,65158.3152
2024-06-20 14:22:19:,64730.8554
2024-06-20 14:35:15:,64916.8271
2024-06-20 14:47:33:,64836.3689
2024-06-20 14:59:33:,64967.4663
2024-06-20 15:23:33:,64921.4574
2024-06-20 15:36:03:,64924.9907
2024-06-20 15:48:09:,65008.44
2024-06-20 16:00:07:,64856.1234
2024-06-20 16:29:23:,64712.6078
2024-06-20 16:43:34:,64883.9192
2024-06-20 16:55:47:,64889.921
2024-06-20 17:16:21:,64874.5736
2024-06-20 17:28:51:,64740.2207
2024-06-20 17:41:13:,64748.1323
2024-06-20 17:53:07:,64806.8825
2024-06-20 18:19:52:,65037.6353
2024-06-20 18:35:56:,65015.3003
2024-06-20 18:47:51:,65033.3285
2024-06-20 19:00:00:,65095.8446
2024-06-20 19:17:28:,64991.5557
2024-06-20 19:29:45:,65068.4675
2024-06-20 19:42:08:,64987.3008
2024-06-20 19:54:21:,64962.7443
2024-06-20 20:16:55:,65092.0745
2024-06-20 20:29:12:,65029.3297
2024-06-20 20:41:26:,64990.7198
2024-06-20 20:53:42:,65034.7133
2024-06-20 21:15:38:,65036.0003
2024-06-20 21:27:50:,65073.0988
2024-06-20 21:39:49:,65016.8659
2024-06-20 21:52:04:,64992.9551
2024-06-20 22:11:43:,65101.5174
2024-06-20 22:29:30:,65014.9783
2024-06-20 22:41:35:,64974.615
2024-06-20 22:53:56:,64968.1753
2024-06-20 23:17:04:,64970.7799
